-- phpMyAdmin SQL Dump
-- version 4.1.14
-- http://www.phpmyadmin.net
--
-- Host: 127.0.0.1
-- Generation Time: 11-Fev-2016 às 01:34
-- Versão do servidor: 5.6.17
-- PHP Version: 5.5.12

SET SQL_MODE = "NO_AUTO_VALUE_ON_ZERO";
SET time_zone = "+00:00";


/*!40101 SET @OLD_CHARACTER_SET_CLIENT=@@CHARACTER_SET_CLIENT */;
/*!40101 SET @OLD_CHARACTER_SET_RESULTS=@@CHARACTER_SET_RESULTS */;
/*!40101 SET @OLD_COLLATION_CONNECTION=@@COLLATION_CONNECTION */;
/*!40101 SET NAMES utf8 */;

--
-- Database: `system`
--

-- --------------------------------------------------------

--
-- Estrutura da tabela `alunos`
--

CREATE TABLE IF NOT EXISTS `alunos` (
  `user_id` int(11) unsigned DEFAULT NULL,
  `curso_id` int(11) DEFAULT NULL,
  KEY `user_id` (`user_id`),
  KEY `curso_id` (`curso_id`)
) ENGINE=InnoDB DEFAULT CHARSET=latin1;

-- --------------------------------------------------------

--
-- Estrutura da tabela `areas`
--

CREATE TABLE IF NOT EXISTS `areas` (
  `id` int(11) unsigned NOT NULL AUTO_INCREMENT,
  `nome` varchar(50) NOT NULL,
  PRIMARY KEY (`id`)
) ENGINE=InnoDB  DEFAULT CHARSET=latin1 AUTO_INCREMENT=14 ;

--
-- Extraindo dados da tabela `areas`
--

INSERT INTO `areas` (`id`, `nome`) VALUES
(1, 'Administração de Informática'),
(2, 'Análise e Desenvolvimento de Sistemas'),
(3, 'Banco de Dados'),
(4, 'Computação Gráfica'),
(5, 'Desenvolvimento de Modelos Computacionais'),
(6, 'Engenharia de Software'),
(7, 'Hardware'),
(8, 'Redes de Computadores'),
(9, 'Suporte a Infraestrutura de Informática'),
(10, 'Suporte ao Usuário Final no Uso de Software'),
(11, 'Organização, Sistemas e Métodos'),
(13, 'Nenhuma');

-- --------------------------------------------------------

--
-- Estrutura da tabela `cursos`
--

CREATE TABLE IF NOT EXISTS `cursos` (
  `id` int(11) NOT NULL AUTO_INCREMENT,
  `nome` varchar(50) NOT NULL,
  PRIMARY KEY (`id`)
) ENGINE=InnoDB  DEFAULT CHARSET=latin1 AUTO_INCREMENT=8 ;

--
-- Extraindo dados da tabela `cursos`
--

INSERT INTO `cursos` (`id`, `nome`) VALUES
(1, 'Ciência da Computação'),
(2, 'Análise de Sistemas'),
(3, 'Técnico em Redes de Computadores'),
(4, 'Engenharia da Computação'),
(5, 'Engenharia de Software'),
(6, 'Técnico em Análise e Desenvolvimento de Sistemas'),
(7, 'Nenhum');

-- --------------------------------------------------------

--
-- Estrutura da tabela `declaracao_final`
--

CREATE TABLE IF NOT EXISTS `declaracao_final` (
  `id` int(11) NOT NULL AUTO_INCREMENT,
  `estagio_id` int(10) unsigned DEFAULT NULL,
  `nome` varchar(50) NOT NULL,
  `tamanho` int(11) NOT NULL,
  `tipo` varchar(30) NOT NULL,
  `arquivo` mediumblob NOT NULL,
  `status` varchar(30) NOT NULL,
  PRIMARY KEY (`id`),
  KEY `estagio_id` (`estagio_id`)
) ENGINE=InnoDB  DEFAULT CHARSET=latin1 AUTO_INCREMENT=2 ;

--
-- Extraindo dados da tabela `declaracao_final`
--

INSERT INTO `declaracao_final` (`id`, `estagio_id`, `nome`, `tamanho`, `tipo`, `arquivo`, `status`) VALUES
(1, 7, 'nomes.txt', 197, 'text/plain', 0x20095349454745090953497374456d6120646520476572656e6369616d656e746f206465204573746167696f0d0a20095354414745090953697354656d4120646520476572656e6369616d656e746f206465204573746167696f0d0a2009536973746167696f0953495354656d41206465206573544147494f0d0a20095374616765616e646f092d2066696e676520717565206973736f2061717569206f206461206c696e686120322073c3b32071756520636f6d20616e646f206e6f2066696e616c202d, 'aprovado');

-- --------------------------------------------------------

--
-- Estrutura da tabela `empresas`
--

CREATE TABLE IF NOT EXISTS `empresas` (
  `id` int(11) unsigned NOT NULL AUTO_INCREMENT,
  `nome` varchar(100) DEFAULT NULL,
  `email` varchar(50) DEFAULT NULL,
  `telefone` varchar(14) DEFAULT NULL,
  `ativado` tinyint(1) NOT NULL DEFAULT '0',
  `email_confirmado` tinyint(1) NOT NULL DEFAULT '0',
  `rua` varchar(50) NOT NULL,
  `cep` varchar(9) NOT NULL,
  `numero` int(11) NOT NULL,
  `bairro` varchar(50) NOT NULL,
  `complemento` varchar(50) NOT NULL,
  PRIMARY KEY (`id`)
) ENGINE=InnoDB  DEFAULT CHARSET=latin1 AUTO_INCREMENT=2 ;

--
-- Extraindo dados da tabela `empresas`
--

INSERT INTO `empresas` (`id`, `nome`, `email`, `telefone`, `ativado`, `email_confirmado`, `rua`, `cep`, `numero`, `bairro`, `complemento`) VALUES
(1, 'Bia representações', 'bia@rtes.com', '06736666969', 1, 1, '', '', 0, '', '');

-- --------------------------------------------------------

--
-- Estrutura da tabela `estagios`
--

CREATE TABLE IF NOT EXISTS `estagios` (
  `id` int(11) unsigned NOT NULL AUTO_INCREMENT,
  `aluno_id` int(11) unsigned DEFAULT NULL,
  `empresa_id` int(11) unsigned DEFAULT NULL,
  `supervisor_id` int(11) unsigned DEFAULT NULL,
  `modalidade` tinyint(1) DEFAULT NULL,
  `area_id` int(11) NOT NULL DEFAULT '0',
  `data_inicio` date DEFAULT NULL,
  `data_fim` date DEFAULT NULL,
  `status` varchar(20) NOT NULL,
  PRIMARY KEY (`id`),
  KEY `aluno_id` (`aluno_id`),
  KEY `supervisor_id` (`supervisor_id`),
  KEY `empresa_id` (`empresa_id`)
) ENGINE=InnoDB  DEFAULT CHARSET=latin1 AUTO_INCREMENT=8 ;

--
-- Extraindo dados da tabela `estagios`
--

INSERT INTO `estagios` (`id`, `aluno_id`, `empresa_id`, `supervisor_id`, `modalidade`, `area_id`, `data_inicio`, `data_fim`, `status`) VALUES
(4, 5, 1, 7, 0, 1, '2015-08-10', '2015-10-09', 'supervisor'),
(7, 5, 1, 7, 1, 6, '2015-10-08', '2015-10-09', 'finalizado');

-- --------------------------------------------------------

--
-- Estrutura da tabela `hash_email`
--

CREATE TABLE IF NOT EXISTS `hash_email` (
  `user_id` int(11) unsigned NOT NULL AUTO_INCREMENT,
  `hash` varchar(50) NOT NULL,
  KEY `user_id` (`user_id`)
) ENGINE=InnoDB DEFAULT CHARSET=latin1 AUTO_INCREMENT=1 ;

-- --------------------------------------------------------

--
-- Estrutura da tabela `plano_de_atividades`
--

CREATE TABLE IF NOT EXISTS `plano_de_atividades` (
  `plano_id` int(11) unsigned NOT NULL AUTO_INCREMENT,
  `estagio_id` int(11) unsigned NOT NULL,
  `horarios` varchar(73) NOT NULL,
  `descricao` varchar(497) NOT NULL,
  `local` varchar(50) NOT NULL,
  `data` varchar(10) NOT NULL,
  `hora_envio` varchar(19) NOT NULL,
  `carga_horaria` varchar(10) DEFAULT NULL,
  `status` varchar(20) NOT NULL DEFAULT 'alterar',
  PRIMARY KEY (`plano_id`),
  KEY `estagio_id` (`estagio_id`)
) ENGINE=InnoDB  DEFAULT CHARSET=latin1 AUTO_INCREMENT=18 ;

--
-- Extraindo dados da tabela `plano_de_atividades`
--

INSERT INTO `plano_de_atividades` (`plano_id`, `estagio_id`, `horarios`, `descricao`, `local`, `data`, `hora_envio`, `carga_horaria`, `status`) VALUES
(16, 4, '05:00;11:00;;;;;;;;;;', ' 10', '', '11/11/1111', '20/06/2015 17:22:38', '6:0', 'presidente'),
(17, 7, '11:00;12:00;;;;;;;;;;', 'Stuff\r\nMore Stuff\r\ne\r\n', 'Campo Grande - MS', '11/11/1111', '04/07/2015 11:48:05', '1:0', 'aprovado');

-- --------------------------------------------------------

--
-- Estrutura da tabela `presidentes`
--

CREATE TABLE IF NOT EXISTS `presidentes` (
  `user_id` int(11) unsigned DEFAULT NULL,
  `curso_id` int(11) DEFAULT NULL,
  KEY `user_id` (`user_id`),
  KEY `curso_id` (`curso_id`)
) ENGINE=InnoDB DEFAULT CHARSET=latin1;

-- --------------------------------------------------------

--
-- Estrutura da tabela `relatorio`
--

CREATE TABLE IF NOT EXISTS `relatorio` (
  `id` int(11) unsigned NOT NULL AUTO_INCREMENT,
  `estagio_id` int(10) unsigned NOT NULL,
  `tipo` tinyint(1) DEFAULT NULL,
  `data_inicio` varchar(10) NOT NULL,
  `data_fim` varchar(10) NOT NULL,
  `atividades` varchar(652) NOT NULL,
  `comentario_aluno` varchar(308) NOT NULL,
  `avaliacao_supervisor` varchar(10) NOT NULL DEFAULT '0000000000',
  `observacao_supervisor` varchar(389) NOT NULL,
  `data_aprovacao` varchar(10) NOT NULL,
  `hora_envio` varchar(19) NOT NULL,
  `status` varchar(20) NOT NULL,
  PRIMARY KEY (`id`),
  KEY `estagio_id` (`estagio_id`)
) ENGINE=InnoDB  DEFAULT CHARSET=latin1 AUTO_INCREMENT=14 ;

--
-- Extraindo dados da tabela `relatorio`
--

INSERT INTO `relatorio` (`id`, `estagio_id`, `tipo`, `data_inicio`, `data_fim`, `atividades`, `comentario_aluno`, `avaliacao_supervisor`, `observacao_supervisor`, `data_aprovacao`, `hora_envio`, `status`) VALUES
(7, 4, 1, '11/11/1111', '11/11/1111', '11111111111111111111111111111111111111111111111111111111111111111111111111111111111111111111111111111111', '          111111111111111     123123213', '0000000000', 'a', '', '10/05/2015 09:53:24', 'presidente'),
(9, 7, 0, '11/11/1111', '11/11/1111', '1111111111', '11111111', '0000000000', '', '', '05/04/2015 16:48:42', 'supervisor'),
(10, 4, 1, '11/11/1111', '11/11/1111', '      ', '         ', '0000000000', 'adasdasdasd', '', '20/06/2015 20:23:23', 'presidente'),
(11, 4, 1, '11/11/1111', '11/11/1111', '  ', '   ', '0123012321', 'Uma escada!', '', '20/06/2015 20:23:32', 'aprovado'),
(12, 7, 1, '11/11/1111', '12/11/1111', ' ehuehuehueheuh ', '  heuheuehuehuehh ', '0000000000', 'Aluno nota 10!', '', '04/07/2015 12:18:30', 'aprovado'),
(13, 7, 0, '11/11/1111', '12/11/1111', 'adassad', 'asdasds', '0000000000', '', '', '04/07/2015 12:11:53', 'alterar');

-- --------------------------------------------------------

--
-- Estrutura da tabela `supervisores`
--

CREATE TABLE IF NOT EXISTS `supervisores` (
  `user_id` int(11) unsigned NOT NULL AUTO_INCREMENT,
  `nome_instituicao` varchar(50) NOT NULL,
  KEY `user_id` (`user_id`)
) ENGINE=InnoDB DEFAULT CHARSET=latin1 AUTO_INCREMENT=1 ;

-- --------------------------------------------------------

--
-- Estrutura da tabela `termo_de_compromisso`
--

CREATE TABLE IF NOT EXISTS `termo_de_compromisso` (
  `id` int(11) NOT NULL AUTO_INCREMENT,
  `estagio_id` int(10) unsigned DEFAULT NULL,
  `nome` varchar(50) NOT NULL,
  `tamanho` int(11) NOT NULL,
  `tipo` varchar(30) NOT NULL,
  `arquivo` mediumblob NOT NULL,
  `status` varchar(30) NOT NULL,
  PRIMARY KEY (`id`),
  KEY `estagio_id` (`estagio_id`)
) ENGINE=InnoDB  DEFAULT CHARSET=latin1 AUTO_INCREMENT=5 ;

--
-- Extraindo dados da tabela `termo_de_compromisso`
--

INSERT INTO `termo_de_compromisso` (`id`, `estagio_id`, `nome`, `tamanho`, `tipo`, `arquivo`, `status`) VALUES
(3, 4, 'introducao.pdf', 53213, 'application/pdf', 0x255044462d312e350a25d0d4c5d80a32302030206f626a203c3c0a2f4c656e67746820383930202020202020200a2f46696c746572202f466c6174654465636f64650a3e3e0a73747265616d0a78dacd56c96e1b310cbdfb2b789c394815b5ebd8250e50202892b8e8a1e921701614a86b242dd0df2fa9593cf28ce3c449d01af0d0a644eaf1896f2405b7a0e078a6b62c9245b277e45160bc96d138d0414bd41eeeafe166763a0a7ab2951a9a6f80fb5b18fe3dfb5759bbc2c7597d84f6116393b8f01c8258aa441fd85863d9e6e4d343678746dd5165bc95fcd4de48ad352c57797731a2b41820caa46cbfb78761dbc5e2b3b2edd9d10747377577653eaefac7f4d0b8ca57e9e79d9ddad6a5087902ad924463b9ac3ba049c79067122893a2833fb0079eb052d1c78140a960051b07d224a1a5a63f08263b0d6f57ff7b093363294aab187ae70f7632d384adf319eb7856b239e7e65f5e3267e93d46dae853e0341b6403e70df444fc84d9290cda5b6843aac40798b82ba6079ec90854fb1dfe5eaef2f4a17cd8397b335f39f8b0a65e29d6ceb94e7388b1aaa544845c4084946dea2d75dbec0b70010344c6105d180ec7e547b84497b383d720ec79edf01913326403ae1d9a44680fc766c7d8ec16aa619328e8306a2d03f59fd9c119b71fd58756bedc6e8a2eabe8d29eee428781d1eddc519b9a3c26bf745a4c6208ece9b47549cd86bc52d123c10f155d2a5c141217438d8b49918b29958bb1cc45a9f391cc49a918a9390b990f9d2c73e958e8f4cce708eb77b080927c5a442e67b04e6ab783329c73069f720a32c753d38a60adb68223e6e08845703fad0cc6ad60f2713099e3a96965b02e82bbe3656242196679e37072c9127d494441ecd6bbb4597963dba66bcf1a81d149eb72ebbd5b50836262e919eb352c6e005d92c97be297f022c2e20abe5647bf7ed7a8aa0ba54d6da3aa2e6b81d5edf775fd6df171f7ad6b8f6d5646999ccb2b133069b8a13d591d9a95e775d4d5db5a87eafda7935a90bf126c7cf5797e729ed79fc8ebdb8315735e2ed753877b69e9c297d3a69a5fabd5d5355b5bad2e6b1dabfb0b65546dadab965cdf7a38c7545aa19b5cef7fbc311e2ddadb3f6a6e26f31af7c3a679221d372904cf4c1bbac5280dd438b6a1f9423935af13efa051bc8382778dbc5832f9cc1b263a681f4ebb26aa749d3d7656e6adbf9cb5dca9feba394de6a396df4b1e06bacbd239be612fabce34aa732654979de29e58f90bdcc40b5e341d2531fabdbc3ce51a3ee643fb246308033e58b43e3482f49e454b4dd58a36a66ab92ec7b3608576e4c266e44d3380668bc5e7dcfc8999bfc6e5052a0a656e6473747265616d0a656e646f626a0a31362030206f626a203c3c0a2f54797065202f584f626a6563740a2f53756274797065202f466f726d0a2f42426f78205b302030203820385d0a2f466f726d5479706520310a2f4d6174726978205b31203020302031203020305d0a2f5265736f7572636573203238203020520a2f4c656e67746820313520202020202020200a2f46696c746572202f466c6174654465636f64650a3e3e0a73747265616d0a78dad30fce5028cee0020007fd01f00a656e6473747265616d0a656e646f626a0a31372030206f626a203c3c0a2f54797065202f584f626a6563740a2f53756274797065202f466f726d0a2f42426f78205b3020302031362031365d0a2f466f726d5479706520310a2f4d6174726978205b31203020302031203020305d0a2f5265736f7572636573203239203020520a2f4c656e67746820313520202020202020200a2f46696c746572202f466c6174654465636f64650a3e3e0a73747265616d0a78dad30fce5028cee0020007fd01f00a656e6473747265616d0a656e646f626a0a31352030206f626a203c3c0a2f54797065202f584f626a6563740a2f53756274797065202f466f726d0a2f42426f78205b30203020353636392e32393120385d0a2f466f726d5479706520310a2f4d6174726978205b31203020302031203020305d0a2f5265736f7572636573203330203020520a2f4c656e67746820313520202020202020200a2f46696c746572202f466c6174654465636f64650a3e3e0a73747265616d0a78dad30fce5028cee0020007fd01f00a656e6473747265616d0a656e646f626a0a33362030206f626a203c3c0a2f4c656e67746820363833202020202020200a2f46696c746572202f466c6174654465636f64650a3e3e0a73747265616d0a78dae5564b6fda4010bee757ccd13eb0d9997d1fdb34a95435aa48e9a9e90111829002282452ff7e6777b1b14d124c481f5291f0c8fb98c7f7cd8c47c20c247c3c911d892c91e53daf485096845706c89140b2b09ec2edc970e7d2c15210e4bf83f50c9aaf577f4b6b15f8ae56eb61f3f03e2b6eadbcc6632103ff602b958e32297f7aebeab5b7ee39b248657c9255828860b248eca247a1d1811741ea9adbd7f9f61c8a4769dbc3e88bbbdbb8ab30fb45df278776a37c8b7caeb46e4bb0c19c09025145df4f2f16041f56ec6cedc69bc0c446340af4153e55ed63104aaa7e007543783f627731006a26d7128c6e196ec3709376222818ddc0f762547a2aa677e372a0c815f3e57c321fdf953f469f7a06d8357a3e6a47a582f0b8414e75903baaa554368884268e895048b4d1d23d9cb4cf425715bfabe00dfc842ddf506b1c68a183ab042b44e14cac94f46fbd4c16106f3623969b605d0e76b8d59bf5d55a87d0328ac26a1d85713e1b950d9bb26bb2be471c9367c199a255ba9979f7604470ce46daf399ea48e21d13c7cc568d63eb4cf6af2ee2e45bedda10f670b3847466a7c42a973365830667d9670b28b921048c4e2b128eb871a013deeaecf5d9f866fcf0b85e25e7fbe54933c44daa48e62047f27fa68a24115e4c947420014ecfa449a5e20f24c996ad179244a2503c22259f3faf66f3653b43fe81512035c6141b4318b4fa1d1ffe5d42b9fda264d684db54d0b534f2a20c54bc2b952ccebe5c0ebe5d5c7ee555ecd4d471a303c6c44f0f4326df6a2f5df53dd5faa054d8c97a8e781acc5ee6f782878e8714e91be89d3f3c96a8184452a551ae18cfe6dd5e7488e9636687162e7178f0deeec5e590f9ea89ee60f963ee5c038fc0638375c5cd344a5b2cc631a9d6d752c952fb504c56ed7d2e53530ec8f012e59dd3bc81ea808ebeafaa19995f0eb2a3b50a656e6473747265616d0a656e646f626a0a31322030206f626a203c3c0a2f54797065202f584f626a6563740a2f53756274797065202f466f726d0a2f42426f78205b302030203336322e38333520352e3437395d0a2f466f726d5479706520310a2f4d6174726978205b31203020302031203020305d0a2f5265736f7572636573203339203020520a2f4c656e67746820313520202020202020200a2f46696c746572202f466c6174654465636f64650a3e3e0a73747265616d0a78dad30fce5028cee0020007fd01f00a656e6473747265616d0a656e646f626a0a31332030206f626a203c3c0a2f54797065202f584f626a6563740a2f53756274797065202f466f726d0a2f42426f78205b302030203336322e38333520322e37345d0a2f466f726d5479706520310a2f4d6174726978205b31203020302031203020305d0a2f5265736f7572636573203430203020520a2f4c656e67746820313520202020202020200a2f46696c746572202f466c6174654465636f64650a3e3e0a73747265616d0a78dad30fce5028cee0020007fd01f00a656e6473747265616d0a656e646f626a0a33322030206f626a203c3c0a2f54797065202f584f626a6563740a2f53756274797065202f466f726d0a2f42426f78205b30203020352e31333920352e3133395d0a2f466f726d5479706520310a2f4d6174726978205b31203020302031203020305d0a2f5265736f7572636573203431203020520a2f4c656e67746820313520202020202020200a2f46696c746572202f466c6174654465636f64650a3e3e0a73747265616d0a78dad30fce5028cee0020007fd01f00a656e6473747265616d0a656e646f626a0a34352030206f626a203c3c0a2f4c656e67746820383037202020202020200a2f46696c746572202f466c6174654465636f64650a3e3e0a73747265616d0a78dae5574b4f1b3110bef32be6b87b886b7bfc3cb6142a554228343d951e56d9802291041268ff7e67ed7d27e441a01c88949dac1fe399effb6c4f38dc02876f27bc67055941f6815a38a091cca106692513d2c072023727c3b549075b26217e2d2c6fa1fd7af55e5eabc4d7bd1a07e5c3b9e8b8d3f2928819f7f481c6a22a6c70beb9ebeaa5b31e28b382cae2290d3229258c67815de10453c282639eab9adb97c5f61c8a4779dbc1e8d6de26ef2acdfdb2df4743eb59be869e2bafcd166c31a73d13028bd83f9dcf247c5d50b07518af02132da20413aec2a7dafbc233e4b81f40fd14be8c285ce1412822d74818dd10dc9ae096ca328f30cae157329adea7036993453a4032f9a4b02639cdf26cf5b85ca4bf47dff74cb5bffcd9a89b1f7ae6448921f630ec911123372038c9c38b22f2f813a4b0cc191563bfa4581193fb94025f4e56d37c327f9cc4b63c8bf694f2922e295ab949aeb9c454590cefa89271cc32cb1795a730f8ae7ccdf2d9743e2d0750c732a071d8c94728541848c99424f43949dff902890738e90e87be377a47ef34fc854699507b1c28a6bcad0c3914ccea624f876fe7653c8362669b115e92612319c3c66ff4577b1d426751c18c5285d1b65c94b7d6e4fd25eb7992727234cf7be645380922cf0e34f3d69a82e638a61a12581601f5368e9d3131befab809b1d5a10d61073d730863d60e832ae448d9a0c5d9066da264565a8ac8314417a35e3d95625afe99ae36a9e740d508a798d7e2e3aac62143abb6aaa61c12f097cfa8a671f3f6aa6971b645357413969ac9ee9ee68be354621c5dabf87155620c5d9b66ab4aca2101717c46258d9bffa09286b32d2a319a49539e8893d97d385026ab6cf38df48e156fb8f5438604a557f816f5ed3ab5545b084eecb16afb5f73cdcf532f93cf29f2e4f4f262f0f3fce207b58adefe3aae4216c526080f2d759cd56dbada7754a75aaab0e375b9bc19ccbd96df099eb074b971d742ef6cf5980a8ce592469b64b7d3feb974c8d2c794c81d5c8a1ad939b3139743fe466c38270c55aab4c71b3c3cd583a62c8e8d49665921aae535479e5255908c17dd7eaa16345dfe9a9a30f67c8a1d020f38dd77ed6a42e61f25e440670a656e6473747265616d0a656e646f626a0a35312030206f626a203c3c0a2f4c656e67746820393431202020202020200a2f46696c746572202f466c6174654465636f64650a3e3e0a73747265616d0a78dae5584b6fdb3810bee757f0481dcc70f8e6b14d9b0516e82e92baa7cd16106c253010458d9d746ffbdb3b24f5f44376e2342d1003d658e27038f3cdc711c79cdc104efe38e16b125002ca7b7cc289348239a989b0828130645990eb938b8d494f964c90f4b5647943fab797bfca6a13f8a655e3487d712e191e3c798ec78c7bfc904e4a156434be7de8f2b9b3ee31b290ca701546322104999531bbe08029b0c431cf559bdbe7f9b60bc5a3acedc9e8e868177713e661d11fc2a1cd285f82cf8dd56e0bf632a73d0390c1f7d3f352900f153adbbaf12230e1220a18b8069f66ef836792cbc3005a0fe1fd14dd054f4061728d20d36b845b23dc4259e62599cec93ff42c9fe7ab8765954da430745e0469e9eaf15b3641592cbf2f565586bf96a7f9ede35d95fd3bfdf3c0d0d7ddf9381dc62b3d7350632ad7303daad8346b08c194c06805300e26ac744f4e86ba64dd14de4bef34f98f744c20adc58962cadb46a0416056873d14bf839b5949c2cc7ec4bc0ed6a6602f3abbc95e6bf5820c160566940a425b9716e5bd35f9fa92ed3c81313914c82125e3ccc4084734f3d69a4088a4d3a8444640cc3166abc571a093fc6bb777f4ad75ed82ecc9cd1d893a1b9baf7139a56cd2cb59f2d910e0582a3c04a7a56056604901cb9c51c9ebbfaab2888e1fc6917e78354d38e29fa2789b34e182f95192448508b6d84191c6c42b10a4cbd608413830ac6ac9e76252e68bdba328020eeba67ab30c016718be97c638d2a844c4e57696f4ccfc7c9e7429db4d13700afdaaabdf43715b5c5777c7d512b078bae1e2ed32c5e0bb5da851a6d42a1174b583299d9957604a97b311aa18c7844e4e5fe3b9c8d165995f71c933a5149d65c0e9ff99f29ce6e1402525cd67f93ca87dcd9415b42817b33c0d5c71cd57575cc84c734ea3b6aa8f5dae3d76a179d483e3b8a8557c4bbe592e6a6c3c9c19e562ad12d3aa7770b133f30a5cec7236c2458d88435d6bf36f912dd5f75136ce6b39eb0efdc8ba40c5fbc7a2ac19db5ac27b6e68e4a8b2921649bb3691b48ad5625edc3dd443f39adb675562f126777f83963cb621116f4cac57f26734e09b44c36607387289d9bae405d0cf332fe8bb4c727af6f7a7c997f34f9fb7ecf6e35a78085b325e34d6ad386bf8e8f250ad41fbd660c7db7e7e3b98072dbf17bc549a5d0fbd8fab870c64e2a69696e6378b6a0db7a72c7d4c0f3fc02534f10eabc43e5c9ef23fc796aa15de8bd6f6f0f0b8f18c4dedbb31b4cc03a996a914384f67d5701c0fc61ab7a8c6472a8d9ca601904f78d7ecdbd588cc0f9e842da40a656e6473747265616d0a656e646f626a0a35372030206f626a203c3c0a2f4c656e67746820383935202020202020200a2f46696c746572202f466c6174654465636f64650a3e3e0a73747265616d0a78dae5584b6f133110bef757f8b87b88f1f8ed23941409a9a09470a21c56c9b6aad424e401dcf8ed8ced7de6b1499ab620a55276b4ebf178e69bcf634f19b9278c7cb8606b125002ca397e6144684ead50841b4e816bb2c8c9ddc56063d2d19272127f862cee49f3f5e65f592d03dfb4aa2d291ed646c3ad2f4ff19832877fa496427a198c6f1fba79eaac3946e653e99f5c0bca3927a349c82e58a0120cb1d43159e5f669beed42f1246b7b32da395ac75d867958f487706833cae7e07369b5de828dcc29470184f7fdcdd58493f73374b672e35960c2452450b0253ee5de074705138701b41ec2bb21ba0b8e80c4e46a4e867708b742b8b934d409321c936fc96536ce96abc52ced09ae9371eea549fa931f298a45beccd2efc38f0706bbee407fd88e50386aa14051aca178527929d7e09c4a8ef171a00cb45f694e2edaba64dd14be0b6715f94deadc93ca624f52e94c29d02050a3fcae09bfd6cb6842fccc66c4ac08d6c46007b5dd68afb23a20ad45816a29bd50c6c64559634db6be64358f634c1605b2468a303372c012459d31da5320ea942a810310728cd9aa706ce944ffaa0d1d7cab5c1b903db99992a0b3b1dd4a9763ca7a8d9c459f350186c5c181775a706a38161130d46a19bdfe349be4c1f1c338d20cafa00943fc6314e74913c6a9eb2449500860f31d14294dbc0241ea6c75108401c53a167dee4fc7f922bf6582a552ca64343b892d60b168cab3250b584df150eaa24ba912c017db09d330f3f294a953b69b316025fa5514c255fe98dfcda6a795153078b561fc7c99a2f198e7b29329854a005dee604a6de6159852e7ac832ada52aea2d3796f923d3c9ec61325c36176b63c51d81158ddc993422540ae76f0a436f30a3ca973d6c113858843510733bc48db6431fb95d507510a2cf9934ac792ccdfbb8548c6851cd5b77121935ba6d8fc673e8963b5257c671a47b948a511491eb50b13512b5f3e8cf3e9aa181a6771ec12757014cf44056deefe07bd72e81602de985827c54b74c69b44c39e041872899aa21c79d0af52c793b7a960c9e5e7ebded7abeb2f9b889dd85b83df92e1a1b0a68459ed4f37876ab5baac123b5635dadbc13c68f9bde0c5b2691be8f597ab1444e4a61226c9ee1fd6af5dc72c7d4a73ddc2c577d716abc43e5c8ef907c496aae5cf2c631a7838dc78dac4be5aeb649279522d6229b0cedf495be3787f55b845157e5271e44d1c0071c459b36f5723327f011b2d12690a656e6473747265616d0a656e646f626a0a36332030206f626a203c3c0a2f4c656e67746820363533202020202020200a2f46696c746572202f466c6174654465636f64650a3e3e0a73747265616d0a78dacd564b8f1a310cbef32b7c9c394c3676dec7ed76a954695541e9a9db030216f54011b052ff7e9d841966065ad865ab1669622576fcf86cc7485882840f03d9a3c814996ef84482b224bc32408e049285ed029e06a3a34b2fa682207f0eb64b686fc7ff4a6b1df8b156eb61bf789f15774e5ee3b190817f70a04a479a949f668d5f7b6bc391c554c695ac124404b355ca2e7a141a1d7811a46e72fb3adf7e87e255dace64f48fdc43dc759897457f490d1d47f916f55c6b3db4602b73260844157dbf19ae08deafd9d9c68d3781898d6829d0ab1aa0a6f9593ca6ec1284fa31bc9bb0bf18003567d7124c9e186fc37893b622280593397c2deea6f3e9ee79bb2e2b45b6982fca6f938fe08cf0e44109e35d167b94a412ab427e8d02542ddeed7631dd45e685a8f41dbd9f74a1505e78d47bbc550fefab1ea2da0891d0c44030bc9211624b1b187465a1af8af72a78033fe15025d068acb4d0c1d58415a27026f657fa3a9bd90ae2cd76c8721faccbc18e0e7ab3be46eb083a465158ad23316e6f54b66ccabec9e61ec7ed3c13f442ebd495b9583c18119cb3b156b24c2d92128d29c99cae06c78e4cf6af69fde45be3da08cee4e6072499a3c6ac5dce29ab5a39cb3e5b40c9cf48c0e8b452c22acb1e056182e9976e926315c251ab745350ffd3d848fd90c2e65883567f63481ce75bf12b2709181c5de366e4b00c54dc964a16779f1eaa2fc387cf7c8a5dc4ae1c33183b232d864cbed53d1a5f2ad579476aec6433734e837991f9b3e0a1e381267d0bbdfbdd73892a179f51ae982ebfaf7bb8bdc4f43573a6830b69e47f4ef62c2e2f99c5271e0f1b84e7c63fe01178c05817070c535baca6b1a8b68f52c952fb50ccd65d3e49346545868f6ce6dc6406aa1e8ad78c7f46e617d6a74a7f0a656e6473747265616d0a656e646f626a0a36392030206f626a203c3c0a2f4c656e67746820373139202020202020200a2f46696c746572202f466c6174654465636f64650a3e3e0a73747265616d0a78dae5564b6fda4010bee757ccd13eb0dd995defe398b649a54a51454a4f4d0f144814a9600592f4ef7776171bdb906042fa908a8407ef631edf37338c841b90f0e1447624b2449677bc224119124e154096049281e50cae4f865b970e9682207d2d2c6fa0f97af9b7b456816f6b350ed60fe792e2d6ca4b3c16d2f3073652e920a3f2dd5b972fbd75c791052ac3938c124404937964171d0a8d169cf052d7dcbeccb7a7503c4adb1e469fddddc45d85d92ffa3e39b41de56be473a57553820de60a2f1055f0fdcdf99ce07dc9ced66ebc0a4c6c44a34057e153d53e7aa1a4ea07503784b72376173da066720dc1e89ae12e186ed2567805a3297ccd4ee7df6f678bfb593e5064b26919a4cdc63f1e1665fe6df4b167985dd367a3766cca0b876bfc5407bfa31a4b65834868e2c8088544132cddc149fb2c7455f1bbf2ae809fb0611d6a8d032db4b7956085286c11ea257e5b2f9339849bcd88e53a589b821d6ef4267db5d621b48ca2305a075158978cca864dd93559df238ec9b1e07cd12ade4cec3b2884b7d604f2d399ea48641f23c7cc568d63eb4cf2af2ee5e85bedda10f670b3807866abd02a971365830667c9670328b92d780c4e2b1296b87da015cee8e4f5e36cc969aa54369f3dacc22f9dcd56f739caec4a92cab597d9f8e6b65cc5e0fae5511382752a49e62845fa7fa69224e19f4da4782012424fa451a5e20f24d186ad679248a2e02e977c9e8ca7e3d5fd729c93cbd6e9b4281fcba7d3a99d4dffc070119b6cc481e1f65afd8e51629b7c6ee528996161d7d578250b799e7bca4e7325b3779f2e065fce2f3ef32a76eaefb861044391c4474145bad55ebaec7baaf5e7546127ebc9643798bdccef050f2d8f3dd235d03b0b99a652a615caeec8b4834c1f338db47009e38873662f2e874c6c3b3a89e1c1c0da061e9e0bd0d86c1a061263b2f93824d5f24a2a996be7b349d9dee7922ef20115bc64d3ce9bb481ea80eebfafaa19995f8b74b9aa0a656e6473747265616d0a656e646f626a0a37362030206f626a203c3c0a2f4c656e67746820313439332020202020200a2f46696c746572202f466c6174654465636f64650a3e3e0a73747265616d0a78dae59a4b6fe3361080effb2b7894809acbf7e3b8cd26050a6cdba4e9a9e941b5b5a9503f12cb497bdadfde114989926d298e1f69bb0e10d316472372e6e3704891a07b44d077efc85a49a1a4503ec21582b862d8708998669832859639fafcee7ae3a657979821ffafd1f21eb57fdefc5b5aeb8e6f6a5506850f63bce2ce957d5a8c89853f144b2eaad229df5e75b3ef5d8fd0b3ca95d527531c33c6d078e6bc4b0dc5826a64b025a2f1ed7e6debb3e241da5ef0e8606dec77ddcddd7abf0b439bbd3c06cfb5d638045b9e931653caabb6bfbf9a31f471018d6d9a711433c14304c5d4d4f6a9c73eb59813be9b81d6bbf0ed2d34975a440538573174fb19cc2dc1dc4c686c39ba9da05f938b6c9295abe5221d71a692495e953ab92c5729a5c91d613c15da26d97db1487fbbfd7ec75eafb7e4f2b6db556eb1a1c19c7ccd9c07c599fa198c61c1a0a38c624255f5a447f4ae2b8bd655c16f6e8d447fa108016a348e041656d70528a458cb6af8b8ffce8ff10c5577b67b4c4267b5efec75d4ebf5355aaf51e7a1142b21aa426ae31f4a5acf24eb8f6cee63d0270305e023b8bbd3c36090c4566b55b1e0656a110703753e066f3576ecc8f8f63523dbb5ad69da357ac13773e46436c65ddd64efb251cb67becd0a510251c2d2aad19c61cd209a508d8d12bed53f2c6615b69c2793ac2a4592cf1e526692655e66bee28e48322dca55065f7c2777e3a96d8a8014915843a0fc1a90d2fb2045441dc77b910a22ce39ac07a9a8662b52faa848459f0d2045183cdd6c20b5f048954f0fe90898ca97cf45b970741d1b2d6a0996869f2d5ad4584c881a42ab16714ee2dbd16aa9393d5a2d9f6d438b63c595732c95d6b7dacda9d070347272a0cae1e7ea3e2cf3a3072caa25e64a9fed1c483587d20e5215449c0f440f5551cde9e7c096cffa0316856521a3d2b7fa63b60ae4b8140e0256314f290f291c57b6fa42c6218bdb9b2555817cbe014a42feacf9204a41c43945f6a014d5bc41806a5c36409254b85afcad917447a89867d3c3881102961ae27c91111c73a907910922cefaaa0799a8e60d90893e1b600696abda04d0ff0809112561c96849922d0f0d36cc62ed57c4e739713183a91824c74b3817e81e701a256f306b45870d70c314962a64701f2a6c56c57331c9267979182d546049e8f9061acab065c3b80411677ad3c34b54f3068126fa6c00184a21f4f946974fbfcff255de5a7965d3a7f9e2e01cd95accccf9e63556634d06778982847382dd4e4e54727a70a2bffab9b10a531e602fc27e50312b963e3bfe293502c24fc351998e42ae2c094916be227b8857ca70c91715884559a636f902931d4db2b04b10f608a6b582a3d0690426ea7fbce3c4c159668f79905af0a042230366b0743b9e412688f84d4cb20e6857a84ba86fdcd1e7c2e8b37e420d5ca121efcbe6f9df81addb8bcb837051061bc98e8d8b3a092e6a1817bd0f2e4a63a6e5202e41c4e3427b70897ab6e272d480167dd68f8b92106003e3d362fea7a765e403cf329f66ab18ad20f73e2c9d927ee7ea6b88397b41241926d20e4214443c44ac07a2a8e7f410459ff54324091646f640944d0a48c60f24871b28ce77b2e20a1bc106c109221e1cde034ed473fac9aa71593f375c62a64c7bae8a6f4026f9b8ca9ea6fe5a764738498590c978233df23b4a29c8d6bf2599e43e695a14657b039377927d51a7642ecef9dd86a2ad147466d3c35fee8181093fdfa99341beced420bc41c4c32b7ae08d7a4e1ff5a2cf86deed41140e232ef34b81c5730daa48c65ffcac9997ad05c1e6fbbe6f7c2ddcafab57cbc5249faf3a2f9e7972f1e3e52684ff817348ee0086331c98c20a7e8a53479bc870a0013216f081a8df7d4972955a062b2f4ec0589f46bf5c7dfa79cbb03decdc12ad0697fb904cfabbba976e7695ea1c5ca96d479a434cdb8db9d3e35f341ed5140b585047ebb943393cac52b98e87725ed9f3239cefead8a53ab9648c7ad12eaf39dcb5652342596c2074447b5818734afbf942a9649655502dfda83636192fbaf58c5009435ac225e36bdefb8a30071fe73c1958e61fc7f95b800a656e6473747265616d0a656e646f626a0a38322030206f626a203c3c0a2f4c656e67746820383532202020202020200a2f46696c746572202f466c6174654465636f64650a3e3e0a73747265616d0a78dae5574b6fdb300cbef757e8681fa28992acc771eb63c0806268979dd61dbcd8ed0234716ba7dd6dbf7d94e46792e6d1b4eba10162c6b24891fc3ed20c23378491cf476c49024a40798f2b8c08c5a91109e19a53e08a9439b93eba5851da5b524ec25793f286f46f2fdfca6a13f8aa5565487d3126181eac3cc763ca2c7e48278574d21b5fffe8f2b95af7189983d25db91294734e26338f2e18a0123431d432d962fb3cdf9ecae241d6b620baf169177713e66ed1efc2a1d5285f82cf8dd5ae047bc825960208e7fb87b3192727053adbbaf12269c2432450304d7e9ada074b0513bb256839844f6374172c0189e02a4ec6d798ee04d3cda5a6569071467e44c76996568bb2884782ab28cb9dd4d169b58801a22bc6452cb58dd29b6911ff1c7fd931ea654f4ec7c35085a506ea748aa5741ed4679a3338a79263a01c2803e54eba2747c3bd64d914de0b6b12f287742420adc591a4d2ea46a041a03a71e5e3bf839bc98c38cd7ec4ac0e5687602f3abbc15e6bf5820c0e05aaa47422d1261cca7a67b2e5235b3d8e311914481f29bc6620832109b55a2bc785b0a7d9e2c9001e6344abcde3604ff0afad6cef5bebda05d982cd9cf83d2b75d7b81c201bf5300b3e2b020cbb8405e7b4e05473ec26a0a9513278edb82b4494de3eccfd4f19ddc5dc44659ecf27bf731fd26eece9075e1388213221bef74920c6a9dd481fbfc1c3c09f204f63e23f50a7436b037518506c75c1e7eae12e1e2157f2f2715a159e35359902858ac7f420fe80c14e2bdf2d7dc0288a6fb24d046ab67838c47a0af5ccbc3e893ac89ee61018897ed54db36e36d534cbe78b3c34a02c0d343afe7aba914fae45e3abd0a5cad2a461e5491e58594caba09dd566ab875f3144b3780451be986675e39bc7c0a2bfb1b42c4aeba55adf5f83b288666963aecacb602fbd5de4659a157448f2371c98fda4e01141e8ad14af311eaf5211e71160c836aaeb57ca154bd8596c79f431160c513c1f7d3f3bff86abb0d40e0e1bb0c115adbf243c095ac3a5cb5d770d26ac2677ac9db6d72773a7e3b7260f348ef2ccf4b2e7a74711a6c744e86e7adc33f217f82332c88b1bb18d515bf3b2cfbf90357d4de174ab752f1f16ab4de950884a61213a5295574cb0581a1b4d8ae1737c432558b9092ed59a1fc203107bbc8cb60dd298997f10fb51350a656e6473747265616d0a656e646f626a0a38382030206f626a203c3c0a2f4c656e67746820313236362020202020200a2f46696c746572202f466c6174654465636f64650a3e3e0a73747265616d0a78dae5994b6fe3361080eff9153c4a40c3e5f025f2d8769302051645d2eca9e941b5b5a900db4a2c27bded6fef9014f5f04376e2c47b70809836391a72663e0e49919107c2c86f176cad042c01cb27ac6144684e8d5084679c02d76459906f17371b0fbdbaa49c84ff8c2c1f48ffe7ed8fd21a0ddfd4aa0d693e8c098a07356f19316516ff48570ae94aaf7c7bd3ed5b9f7a42cb5c28dd27d78272cec964eea30b06a8848c186a996c63fbb6b1edf2e251daf64474b4b5b33b9a7998f58730b469e57bf01cb57653b017396529807063ff743de7e47385836d87f12e6ec24e245030d13f71ee83a58289c31cb46ec22f77385cb0042406577372f70dddadd0dd5c66d40a7237257f25b7c52c5fdd332e526959522dcbaa4effbefbfd40f3d6bbbcba1bda242c35d0f84dacf9eda88412fbe09c4a8e1671a00cb4ebe9895c0c65c9ba2afc2dac51e43fd2459bb41a2f2595368b052a049a29374ffcffe0c7644edc937d8b59636c168cbde9f4067dadd61b32e814a896d2152a33a153d6eb93ad77d93ec7d12683057222857f3244dd10456d966917f42013457cd4c1c718a3d5fa712013c6d74e613fb6766837644f6c16c4cb6c4cb038e410b2cb5eccc298350186e9c0821bb4e034e3983620a346cb30eac73ce526594eca7c965e0a2192ead99532b967201758e98c3a8c9fbee90d420c63132c3c4f8418a77614202fe003c177e013559c009e2e5a23f030a002374e019ef412e129962908487cc213daba2facf22dd3ea287cc0604e95674b0f184d71cd1ae3278af86888ed04f5d47c3c435dc876230446e2b89aac99afca97729a4f8b3aa41ffc522c5eaa99abac8fa327c3ed10e3e78b8fc68d0297a3f834223e1272073e9d9a13e0d3c56c841f6d285761d0936a5e2c5629b0a4dd6fe57ebfe5612aea556a7b2d29240f6557035e362e778ad5be5e31dcb3356b6128f2d9f3a21173192f4b9aec5684e6c714ab9645b198fc5b2c510f1c87ad927e753e5b6c151e6a8c1ec5b611f104a81dd8766a4e806d17b3116c157a1c9a5c9dbfe4b332bf6782a552aa6482507e6f19dd8ba44ceae74062b17c29ebca0318da57c5bc817652d475753c8ec2f8f5fe6c71149a6672f41410457c60f50e1c3b3527c0b18bd9088e4251c8e42169740b8832f21840342d88660d44f96e20e2d1c6ed1ace16442c398c7218247c40b31d18b64a4e406117b0110ac1502d9a545e3fff332f56c5b2a3ceafbcc7a3c394db309c2d394c509d8d9f231a111f06b3839d4ecd09e0694336c20e1e8d9935fda3e8706356ce1f7d422ae7e5329e2e1ab9b20ec9698acb6d119754475f39ade2aecea7b5d9489e3b864963fc66e05c99c4632288d1b34923e1836bb713d929f97820bb78ed06d228aa9a549607f2aa97b8c793c9e47b583e8bfeaaba49d54f8343455d4e71616e789ee6a1fcf58fab8d9ce8de5752036eba5baae20b9acf43de4533353cec483eaed0887fc7fcc2ed009a7de8601a0ce7d53c8feaea90ac71919f61decea7151d4e8a1f784de45f9bfb20222c568a8fb814da6457580a0cf9a47167e5a27c9d5a9efc9c0a8691fb72f9f5facb9f5b96b4e3ae95c04d72ffa1306dfaa78655b7874a0dae1ba2ef587bc7b4dd990775bfd779e1f46f7adebbc2033c88b02955224bf28772fd95e26bba3ee65e69e01777b164f074b9cf2fafb97bdb9208b5a6cad89e3f2cce369d8589a8354e4407d532a41863711b3f6ce70c14ce5c8555c042d3a7d002e215abd7be6b2574cdffe2545f800a656e6473747265616d0a656e646f626a0a39342030206f626a203c3c0a2f4c656e67746820393234202020202020200a2f46696c746572202f466c6174654465636f64650a3e3e0a73747265616d0a78dae558594f1b31107ee757f871576a8cc7b71f690b952ad10a489f4a1fb6c98222912ce4a07dea6fefacbd67ee0368a52025ceaec7e399effbc6078cdc13463e9db0b916b0056c9ff00d2342736a8522dc700a5c93714aee4eae1606eddc524ec2c790f13d693e5eff2baf65e28b5eb525c597b5c171ebcd3e1153e6f08fd4ad9079eb9d2fefbade77d413669653997f732d28e79cf4869e5db040251862a963b2e276bfd856a17890b70d8caeedadf32ed3dc2efb6d34b498e54be8b9f45a97608339e52880c8633fbd1872f231c360ab305e04269c4402055be253d63e382a98d80ea0f914de77315c70042492ab39e9de21dc0ae1e6d2502748b74fbe4767fdc174f09cc53fba9fb74c697e9af36e3b0fe1a885022b3187d5418b483907e75472cc820365a0f3999ec849db96ccbbc267e1ac22bf48cd30a93c762495ce940d3a046a545e1bfed37ae80d493eb299312b923521d9abda6ff05779bd22ad49816a29f346191b26658d39d9fc94d5388e39596c501b52f89181694b1475c6e89ce860539a78a6c1738c6c5538b66c427c55d9fad8aad0aec8066e46c4db2c14551972a0acd3e02cc4ac09305c021ce4410b4e0dc7a5020cb55a86a89387693a4ee28e1022ea2753ff4b46b70ce42806ec0dcf37836130c966a1fd12bbe84f2c1d9a046d6f27b1263a85ca18d21740384e95314edd5a8d7903cf155fa1b0d2c51be8ab666b8dbe185081e7291f732f1ba6a3690c0c35c5052a8645c978904de841aa018b2bac3c5ad180d51477b075b2294d3c0962b9701a6e5e5f3a3565ab950356625cc57a9a8cd2dfc5c2943436d1bd2563f044c4f8f16a46e3b981cbb59a294c3cfc7285666a376fa0999ab335a2d1967215829ecc7e0e53dcd0826c6e9962c9c36c949d4e668f7187db281d3f0f26598cbfc6d80987094a49bf8d1eada014de38ac5e2ba8c2c473a35608aa76f30682aa395b2328858843b174268f5e2dd97372cb048ba59451ef4fac188bb27452cb6c89c0de855e1c6fa2713a19f4711f4ccb8356683f7c3d5f94e17f70adf6570e0f1d72e4a4788d4bf4a266f062030c65414db104e5c05ec48e4767b16008d665e7dbc5e5cd92c23dec1a0e7975f92f85eb881fd57e75bdad55ebaa5662c7aa3bf97230b79a7e237861a9b40df4ce2778ec12e1d8a5848992fbc1fc0ebacbd487dcc35bb8e417718b05bf09975dfe57b16401d29a2aeb1a7838ac396da27e5e835a47c32417d53854b57578506df7e3295661492b7c0510ba4e430f881df68d4d658dd0fc05989d20960a656e6473747265616d0a656e646f626a0a3130302030206f626a203c3c0a2f4c656e67746820383134202020202020200a2f46696c746572202f466c6174654465636f64650a3e3e0a73747265616d0a78dae5574b6fdb300cbef757f0281fa28a92acc7b1dbda01038a215d7a5a77f092b4e821759bb4dd6dbf7d94143bb693e6d96e031ac0a62d5314f9f1a3c408b801019f8f4447224924f94023029491dca91ca4951ca581e918ae8ffa4b9376965c42ba2c4c6fa0f97af1afac56812f5b350ee637e792e1d6c83e1e73e1e9070ba97490d1f8ea4f17fbce7aa0c8422ac35d1ac5a594309cc4eca243aed182e35ee83ab7fbf9f6128a0759db90d1b55f177157616e17fd361c5a8ef235f85c595d94602373b9e7882af87e7c3691f0a924676b375e05265a44234757e153d53e7aae84da0ea06e081f06e42e7a404dc9351206d704774e704b6db9573018c1777632f9793bbe7b1c673d250d1b95415a367bbacf7a24c7d3e7db5999d1d334fb31f8b265d05d474e07ed4895e70ee768aa0e9a076d33d51a52722d294e895ca0092b3dc0515b17baa6e85d7997c32f5870006a8b3dcdb5b7952083c86d1eaa275ead97e104c2cc66c4621eac4dc1f6177693bdda6a1f5a8b22375a07915b9716158d354577c97a9ea4981c09628f567166e282839c7b6b4da042d2a954221730e698b255e3d8d249fed5851d7dab5debc386dcdc41d4592abbcae594b25e2367c96703286893f0189c56925b499b095aee8c4e5e4fc64f3362ad526c4c12d96386825d09a932ed052b326437b765d4d0ecbec8a463d322e91769b0b88f83e573712594c8b4ced930f3ec37cd4756941194edf8d7846e4e4141b94d08bd4f0a0ac9fd5a0246859848f902fd2a137f817c8b6cad219f404e7be51ee4a32dd5b1f1dd28ecb7b38368858e7670fd6e5985ce703a21d7f1aa52895952ab99d530f3f6dc5aa4ec656aa1d3e4d77c377e2c235f46e59c60158d9a94ebd02d72adc5abffa0078ea77f048350f75abd45c7bbcc02ea315050a2b99d1f13572217679997ec2453827dfc7adebb3c3bff46a3d8a9c4c37a660cf5126fb9ccd3acf6d0c5b65aadaea9c24ed40df46a30b75a7e237868a93b17ae81de69a09a4a54cb958d54ebe0b6cbd28734cd2d5c42d7ec9cd988cb2e7f2c566c29c6f0dc37e0f05480c6b251689b8d619322706a9ada07e7d9b04ce3e9bb657464e454cc393da24c43c74903d50ee7c0a6aa2664fe00548144c80a656e6473747265616d0a656e646f626a0a3130362030206f626a203c3c0a2f4c656e67746820313037362020202020200a2f46696c746572202f466c6174654465636f64650a3e3e0a73747265616d0a78dae5985b6f133b10c7dffb29fcb82b11e3f1dd8f1c689190106a094f701ef6244b15a9e9d224059ef8ec8cedf55e92669336340729951a6bbde3f1f83f3f5fd68c5c1346de9eb1b512b0042cefb08611a139b542116e3805aec9a2245fcf2e371a3dbaa49cc47f4316d7a4fb78f57f794d03dff4aa2da97fac8d8e7b354f899832877fa42d85f46570fef0ababa7b6bac391f954fa5fae05e59c93c93c64172c50098658ea986c72fbb4d8b6a97890b71d191d7cdb8e3b0d73bfd1efc3d0e628ff04cfc96b3b053b99538e02081ffbcb8b39276f2a0cb609e38fc8849d48a060933e69ee83a38289fd045a1fc23f630c171c0189c9d59c8cbfa2dc0ae5e6d25027c8784a3e67afe6ffcdcadb55998f04d7d9b722e7265b14fec964555d19eacae56cda1a4e6b93d739641ff21164e7f9bfe3777b8ab21ee8f9b8af8470d442adb65853fba06528f5c139951c75e0401968dfd31d39ebdb927557f82c9c55e4076919218dc791a4d29954a043a046f9d915fe7b0f9339f12dbb2366f5604d1cec65eb37fa6bbc5e925ea740b594be50c6c64e59a74fb6de65d38ee3982c16489714a16564c512459d31daa3126d92496005428e315b8d8e3d9b185f33f1436c4d689764476e6e49b0d9989629e498b251276731664d80e122e2c0072d38351c171b30d46a19a32e905f9b2daaefc51726582ea5cc2639b0ec572e1dcb0a0fb910d9b48ce5a49816cbd5a25afa47d954df2fef7d9b2f8c8bd86c3143132fc77ee47545abe16398d5a8cd69c2c7387583e805839042be05bce4e208d8b5d91ac08e01c5c531c69c40eae2259f8123b0b898cb93c508aca6b8590e81944c425ac4c32875dc3c3f4c6dcab6b30456625c762b4b5c76212a8b032132781c63fc7429d278e4e07290a2da2424446ea1a87573048ada9c0d60a42de52a063d2fef9791a072e98f6cabfe4a8427b9eb59daf7fc41d0c68320daefdc420f624fc9b0599f2c7b0abf8cac1e64af360969545bd86bdd1c81bd366703ec29541cf813e0cb47885b791bbe370e5cd8840d5bf2c9c225343572f0889f4c429af416b85a374780abcdd9005c425130f572bcaa0231d3aa462c81d4856e0db8449bc03ac526d53cb62826e57259efb3457273837456d7015b34067a1891f801e337f69325124b0e8340468b9059b385c7c6c911706c1336802358aa45bd42973f273708dec637a627cd83e8128710387c11295b9437c52abc508c6595ff30785183389dad66df13af435f121ecf3e9d7fc12568b8de09a262d69c14cf71e5b9c992701418f242d322e1d5bfc81dcf5ee58265af3fbc1f7dba78ff7153b1032f4dc14fbaf0a3f0e0155af5abaef6b5ea5d8b25ed587383fab0987b75bf53bc78b6b41df5cefd022a226e4a9800ee9a6e8fe9fa905bd39e2efedad4e2b167972e8fb9597e6061d29a2aeb3a7a389c85dac46f31adb379e1a15ac4e3b175d9a4eabfe70c14ee510aab40c4572fe31b108fd84e764d6b94e637b5d650000a656e6473747265616d0a656e646f626a0a3131322030206f626a203c3c0a2f4c656e6774683120323136330a2f4c656e677468322031303838370a2f4c656e6774683320300a2f4c656e67746820313231373920202020200a2f46696c746572202f466c6174654465636f64650a3e3e0a73747265616d0a78da8db70554946b17364c77773328dddd82b474770e30c0504377838420214823dd294823dd2025209dd2dd297ee339e73dfabeffbfd6f7ad596be6b9f6bef6def7aefb594347a3a6c92661093107c9421cddd8b8d839850152ca9a9a5c9c004e4e1e764e4e6e343a3a2db09b3de83f72343a1d908b2b18e228fc0743ca05047483caa4816e50a232c411a0e06e0fe0e20170f10b730908737202b8393985fe4384b80803a4811e604b80323b4001e2087245a393823879bb80ad6ddca071fef30860b4600270090909b0fe650e907000b9802d808e0065a09b0dc8011ad102680fd0845880416edeffe58251d4c6cdcd499883c3d3d3931de8e0ca0e71b1166362057882dd6c001a2057908b07c812f02b65800ad001f44f6aec6874002d1bb0ebdf0a4d88959b27d00504800aecc116204757a889bba325c805008d0ed0945702a83a811cff262bfd4d6005fc531c00173bd7bfeefeb1fee508ecf89731d0c202e2e00474f4063b5a03acc0f62080aaac12bb9b971b2b00e868f98b08b4778540ed811e40b03dd01c4af8ebe84080ac843a0008cdf09ffc5c2d5cc04e6eaeecae60fb5f3972fc72032db38ca3a514c4c101e4e8e68af6eb7cd260179005b4eede1cff34d7ce11e2e9e8fb1f640576b4b4fa9586a5bb1387b623d8d91d242ffd0f072a42fb2db306b901f838393905397900206700c8cbc286e357002d6f27d05f4aae5f62680efebe4e10278015340d903fd80a04fd41f375057a80006e2eee207fdf3f15ff8dd0b8b80096600b378039c81aec88f6db3b540cb2fa1b43fbef02f602187242c78f0bc0f9ebf3ef933174c22c218ef6debfe97fb59843fe95ac81b432cb3f29ffab94948478017cd9f8b9006cdc7c9c0021212180009f10c0ffbfddfc5b80ff24ff97540d08fee7707f389477b4820084fece015abcffe4e1f1cf6030feb3354c80ff8ea002818e3308c0f87bfa8d38f9382da05f5cffcf3bf097c9ffdfe8fff2f27f9dfeff3d91acbbbdfd5f7ac6bf09ff1f3dd0016ceffd0f033aceee6ed0d550864017c4f17fa9baa0bff7591964097677f85fadbc1b10ba22128ed6f6ff1612ec2a0bf60259aa81dd2c6cfe9ea2fff401eade1eec085283b8827fdd3800362e4eceffd14197cec20e7aabb842bbf5970a04dda9ff0e29e36801b1fcb57cdc7cfc00a08b0bd01b8d133a61dc7c7c005f2ee8965a82bcfe1a6e0007bb23c40d6a0280a6e70fb082b8a0fdea293f1f8043e297e86f2400e090fa8d04011cd2bf91108043e65f24c00fe050fa8da04c95df08ca54fd1709720238d47e231e0087e66fc40be0d0fa170941a303ff455c502f400b682b7eeba151cc7f23a8dee25fc40df56401ed89bdfd6f0f42bf6460170b77072b7b6815fe23e6fd2586de297f8482169ec3f23784e6660981be295c5dc17f70b8001ca03f203780c3ea37fc857e93f9787e418f3fe95089f51f107a069bdf278236c1c6dbc9067a07ff6640657f4687d6c6ee0f082d85fd1f105a0b87df107a2b70fc76c5073575840ed31f7a682a90dfd1a1c690ff52439371faad863a7382be3d1ced41566ebfa55cff48ffdef07fc5d0d23941f71af24735a12f4f0ee73f203475973f20344fd7dff6d0b3bada035d6dfe20405dbafd51e85f106c6ff9fbbcd0d5e070f384fc610175e2fe0784d6cae30f0750fa1fc30055fa805cfeb6feafcdb2707781a6e7f6d7ed075dbbffe0bfde71209017c8026d7e16622112665b1bd6765b2341eec9b6f5056975bd3d2a5ebf2f92cf8dfe5b8eaf8d1272badc94b3a4996525c9488ada5c69f8e4ac1f39f3f1ed9897515766f04af2ab6c371899be4dc953b6dca1bb8b2e6b10952584cc7a5c20256a13f724419d12dbcc10c190215177f6f1b54037cf4ed576c18f76d71d03a1038003a0e81a872699dcedadc487f603b8687d1ada75b7617d239c583c17c354772d79edf11f70d1e0d81bc9b618d23bef4dc3d8b4e1e5e5c1ccfebe149ef33cc59e6afeca707c52021f059a0f23ef0648091332151a5d61e825f9aea54a13794ea67b6072468691a60e31fccdd57b2ed5b3523ce0a3e0919b2df4e0c90e741a928ea9959a6250c8048521b24c9e2fccd99fb039bb5a114afae75b626b93714745787be6a818da350b4accf1fcdec44cdff473af20ca1ac0e5e3715a2ded248423306ff13dabc2227ac0f6fd8a843e24739bb096bb92e2b73e4aef83e32b608bffbda361786b07850c49aa2059ea8b43673e156d515848ca5555e8fc008e9495ee8e32fdae90ee804c54a8940060af213e0396ef511dd615bd41028ef342f7502f0600e4bdb142a6e8bf0e2fe2e14fa5ac7d8f41412c4db1db2178bc5f9aeb25341d28937be906ef7b80e6ee87ec244cc9d5b262d170ebf386ef8a2cd124f3fed550500c7794b917514dfdd041fe4bd3cd97a93ea8d6af895642e68d572e1039e9593126cd6197da34aa969ea503d63e03db02fb6eee0d9fb1747432ed95d4d4d25daf03e823055bf1fd502316795519bee4971563cda5922dc3d44f4654d7331d933f09d16e647cb7decf8d6a0cceb3065f663bda79bc3bd3b0606bb3b645abca5bf5eae2b5c0dbd3099a8e44f4773a964862a23363091e0489707962eba134edd81f58257d6eb55852a21912523a52c542580b35252f41b13802b53bd9a49c521a49290d0cdaaaceffec65dafe62e38dec12c292d5e69cbbccd62c03c6daae116dfe9832b2376b3b2efb5a2295e5ce6954678ef9a4aecbecb3e66b313f698b437da2fd030fcc2f706f36d958da3d37e61776ddeb08fb2c0d69fcd782d51d95cfee12130fe3dd85da44608aea615a43cb1a236d154a3eedda1d9531175a060bf36adad9d7bb4e7df00fe4452deabc4725770cb978fb3384dc637851967e4f67495f90d2360dbbdfc753fcaa2d7f9fd3ffa43b70e992ce8d387909412b312cf8892e5d24c5895b5d425731cc59e09a9fe0936db615e982b8742632730dbf4f5c37a8e1d221fd384c0c4524b12a3c758bbc40c956fee0dad8aab21b77c4cca4245958bd789a3c8dfe0847ec5245338c3c9618ee4ddd94d107397d9d54d6cbfc1c4160282d65903de7129ad2d8c5e48f7c5ff8ccc208416b3d4317b717e45b942ffd5c873c286a8d807018d7a764efbfb7655f9bd793ea7e50d6d15c3df3b87034b92709c4b1c1d23e953a14658b5aa9387aa52ade5575d2564de8a681e424fdb40279983731177572da97b1e24a425edbef79097f4775616df578a0c8a7a4dc75e8a0bae0bc53b81728ec50c5f00a89eab99ed1ed22e7a6d143d73b7d4032bdb7c5b74975a22ffe129b8ae343453a0bd149603f311b91d670d50b621c02ffb74dd1cb4fcaa6fdd957d8273efce17ab23d73a3a62d0a058121fe5dc27b157811fa3404882b278fd36b3f2bc2ad6eae58354b12e8eae15b3b9f84062fdf430c48bb9615351b130ba3ea9d8a30c84239ae05055555df0b8b17d5331f18694762a5e93406477378448c7873c6ab2e59f7b724d926a389265a16bd13daed7751972921e2d4dfc0a429165bd89390d1782cff8e8d38e044f17aa57c15c64e6168df8218672ae0e4bd26e166de7ba2b131a2b23a8924d362820c761ae7a4323b616eb547d44eebc291fb7672063433504bf5d407cf23bb22e76fb652fae27126f5db60b2de377a1249cc88cbae1f9848ed2c8428128a178293b24572149da912532f85ac8f7ff255a18889f77e4d0e197333b1befa28c0ed95e68229bee9c82dcac7d8b8679a8f6aecc9aed09073e98a9afc920ad4c970b744d63003b6fa9c286a2ab0c47921014e47a72639301fc25bac4b4d2b6c70241d375eec1412537b4d92fac1b2a37a8ab4fc93e488825dfa37d61f050186cfd7e12478086ed71c8fee096eafb2e200463631e5ded448fab09a3f6ff685399e03a7cf220fb66705192e443f6f89917236c95a2b465dd58e2a10fb711345d8c3ed87201e3e82adc5a87336b084cd328277029ca856eac42e098a9c3b7aa4bc6111ed3f09a48f98f97ca8eb53c1bf9cbf3e0930bebc0b0cff7241ec6f5fb0a19540d95943532f7f62142b737de08cb6f53d7400997c9173894692092e51f2f56a1501c48ba63b9aa582b59a6e0c097d7fcfa13ff9998a3e0e28dd863f239028dc6489fd7cb424313a601fbbfb2656023d823081d766819fa573aaf9db58bb87123927d565e9f9d3c5cd4a8ed094e3f38a16f2b25c383283497ea65c4afc5ec269e968d14af685bb5d3cf7470d9c509587691648e1e36bd594045c15efeae173de0c125d43feee082a7c647025c2e1e97e9cabdc0dfecfa4d7ef120a095d86622575be80de3898b988155e0992eb688e065d08fa0a50948ff9c3eb1cb28de6a09adcdc7a04e7ba8c53c61fe6d20ac61e93187ac7f3b96aaabdd439e80fcc93377460d6385edb0d4d5bb534a282dd38ea16d77b8b78b2f33632de95dc405abf0cf3d357899abd11dabedae182e3b9e859ccce954641c00be69ecd5bb6f072a6445395dd81c13555065b99f80e2b6c95cc7da4b422a3bc8d447f9ed1aac2c1e9e21eadae842acfd07933cba52b52f75a5f980a976add94af265c2c12cc8c13381c4c6bbae88e7d7a93e6734a62175beadebd38772cd5c60a0632253da382e33aed10fda370b29e582e1824bb2ebdca00f4a37b06a9bac44afe4b1fafbaabb00b3c27ef49d965cb2781ecd76fad876c467cd0e897be6e2b959fe7873d3fc37de8856566e557c4e973b28e17ffaa322a1c9b85d7988323095a91fd8a46ef9d78edae17cfd7aa66c14048b25788ed1835b6d2ea5b69629f62dd8885f0ca03ed59d36b3d7b2ba2ad6a8979e231193ef0e1c5d01ee9e78fad8768a6798e88cda3a719b17587b574e5b330207fe5217ecaaf493cfaa9d51e946f441e7a5b326e9e7711c7c5eab6e9d5479cbf0a29cd96ffca9a3b2bc678687ec34dcc00d79bf6c9b462c7ff88ac5e444041162d4f24eceac6956fa190f8c792b987b385e0dc1655968a7ae1abd85d9bd2e0b6777521a04cbbd0d719ac7b153326dcf69ade5f4139ec43bdc95d7bc5e7e8bd679983d3dbfa1a5f46a50b7821d7c2b3cd9b7a58658481cd5611fa7bceb6633295fe226866d57d9202047e7e9015ec0ef27269fa5974d073448117c330cdca84a3fefe8435952ae389fc6779fe76b6a14f08edd38bad6b24eedaeb801082aab06bca06b722f44faced8323c47aef27d4dfe7c92f649965da36101315a865d7f9e05e94062ed7c011341548edde063dee1eab8157afa9176997b245355992bf83f69d39ebb58441a99cbcc8f9ca1c0c351546775d1398564f1dabee6e418bac0d8f52c0bcacbac0f833d77eff8c49199c93eed6520b5fd5b28c1b5846791df0b35b9b74e1d9aca92e131601954bb7e5750a8ce8e0bb109a485742fd4b128cfed22f7e0a812558f5918d36529f6109eab52ed1dda4b342b5c47fcccbd098891adbb4ac22756e21237cd248c72ef09e3e820df342bc1a791edb3660f5e1487f2df4a569f6a30dbd51cf0dedaab56e5a956916cc77e71c5e91719da3850c92e99a49fe969f69b58a30cd7d4322cd7cc41158cfbfa410a0d9a6096db2956f9d09c15726739fdf7c1df4e451c72d9bc52cbd2dca8a953ed33cadc3241b2dceee4937b7b62029e8559ceaf4c519976501519097f27e799877dbd9f7c619b9f75f31d2ecf58e6f02cc72b150d3860099d0660a548c2f686a2a7ef6ab9374481804dbb41588419010484b02549b928f0f12390064a8824fad2582af1bf9600398c3a3baad42bc708b9ae39f30a3b788843c86e9a7f7ee064f68e5da031feae737640feab28652340d47de2a0124f71d5a62edb349deeeaf4b7dab6aa5dd41c49abd9de4d8f86066f20c1fc3808adf883e58f689769da3977026459c2ce645da0824a5bbce482013eed0e84cc32afc87834ff9a559a5d37d85a35642c16d07edf43347d8fa1d9d16b1d294f6846fd278b188c7b9d120df6eae000a81addd755d4c1d31aa9bb484cee89989d0271e94f5f5b7670d266ed74aa2b3c3cf109d9d4efd8aa6ea08a8caea3ebf45329c6810961097ef821827294c0d24299ba7fab9ed28abe93dfbd1c434d7fd81ff8908081f36710da0c932dbd034ae95d2793f903428b31d8312caa30336c79f4004298090305f6053470f3d26f3519f71db860e224024c9e809987c770934110ec6e0c3b840df73e0527a8fcec1af0481bbcf6500e9693655401ea114601c9c7867510efaf1200dacc6f2de7e7200697268428e39d0bee3b0059e664c41d0aeb8487e82d66c901d81b8e12478ea99dc68cc5c609421d63c3b8d58c2b9947d9662b2a4511b9f08adc0bcc1dc853309a76e5d0e968168953f81c9220e0a0ee6a3cd51ae1dc76b3714187c4820e96d656eba7405893051fcd663bb55d13e582c384eb68e8dec0826982cd84f756ecc6c6df5f99a218bb139d2cc96df8458e7c976f8db57e61507d410bf864cf9f465def4a2dd9d707c112ec3842a576925e3229ac4279eef1ddd1b948ba793865a5b9c9a45cc08af98c6a6588fbcc33f80a3ab14ceedabbee2b99df2cd07bd8ac291d2c18ea2794796348dc9de700f74ddf0bc93f1e2130fe39c7d1ff34c03f8855454009b8b6b4ce8d36269e411a3dde90270bf0f09ddd1ddf79db33549980be8abe71e6543f60903d23bc66e8f517208bc5b00dacb92bb43ae4e9dd3cff98b93f273ac899c85b8a316b7ece645f71f7c8e3c9df0425a1181fb0ffbe82b30e752272ea7a2c9c60942db18a76afebb684a11c739f0668066deeb0f7dd3d949674ecc580e7d31015eec32f83d3937c6ca630f599eea12ccdf5114cc8f225a909992c693d53142c63333576e535a85a6c413f349b1db7dc505d0e9787132ee9f6d7e2cc4d5da2ffe2ed75a2e7c6c9b04e338f7d49628d5194baa341718ae044eadfb14cd7655bc9225d257c1ee44f331678b3b3de1e432528c70e605cb2d67db90bcaacf045cbf9bfe07b26f89af6610d88d73b4f1c8a8d70b9a7ae45bdd9315833f8aac70da5eac88b50bb46acf6975d0d9bdff561f1252447069606feacb48a25b73160aced51dc5105f6fa230d0df4a1d921193949e31161f3a10ca08e15e51b2ae4b318dc5c3c75cb70f671c1224d5797b24461dad94fbd641fc581f209b5aaefef8436c28213c33e45085f285b46f8f63bd88142ee7f3a4b9515db14ff11255c51c2df1a6de16b791c3bd14af202ccbcc1dde2f101f3f97a481d5337848fae846af997984b1bb00362e6bb9de61da3f3855e6bf81575fa5fab3c526d416789c07da2506145f693c65f4667b86a69961e035c6243d1e8812cdd9ce1f194796aa5dccdf5473c03232912a1e6ca70d3a3def26e8b870758c3af39477c0637382fbe4cad72f4a569cf83ca6c3c62582417d8d4ca75a91f4524d79f7853a1f75b0250a5bf5a4a74707cd9df8f7d7187c646bdabad622271d6fc6cf1f58170d57d8bb675ac50e522a32adb3e459dfc7c8367230eb04737f033d518bd81ac0acce6c497da7f312bd96179e23f07842514e4eaa8f0174f6d955beecd6b8b50a026529b8abb65b621eeaf71e9c216c9cdbd89ddb57c8c03157b17efc997fd91d8982c0a91e8dfa422820bbbdea8afd2cf749ae2b6937016be49a970e8e8a0cc23ce256b1ed4965dada42aa966eb0fd13dd5b3b4612c126a0147ec1989a3a0292844299e3238b30346464487d803a06e2fc30839a4d9841a7476d5b1bf3065d8f369451eba39310ea1b84a8393113e53027d4bbe4d9cde11dc7e032ed7a29be645626f4ec6d74c3f04aa988eecf38d19ee4776c7180c79576496c96739d76768985e325f77d857e3cd1a7f1fef6eb0449224daf14323bca7b322b81008d527a13cff0d585a8d585d6d73cc1c41132cb95dcfc7e041e97f9b9621a9389f77ebc33a590371678b70fb8619eb7017baf5cd015b2224210ee7bd70855bf09736f7e30cc7409f0e7099c7296db24eaff6a4e46ce402065ab22e33c826f23d42bc39cdec0e4f08931eac69595a6fe1dd662f542058db42c9ab6ec7152f6ee4deee3f6f6dc030ba6954965a8733535c741c65b768a26fe387208ff3dcc29c29ef790a1e7d47e1b8c710ae9b3d866e9c0ce29e98a44af375bc88c406922db011bd5d5f364cea1b4941921bd854d8928ba9f97bb752a742579adcfea2b05a261192e50b7d9d499661e16d756e74ab980258bef5bc4a45d4ab812b6f11c1422949f5fc0707e0c8961bc9f94ee63dbe59a20e6eca03a3ca8d3bcde99412efc4935f38a41494144114d9f289d3bebd9377edc996aa0e55887e40896d1f789efda8eb79548820b0cdeaf1a231b7d37a5adeb303e1deb830f6909504a2459d9112ac3b29a985fc7834d2b1216c39534a6d611045703573ec9e20f66c9a049e4729c44a587ec57a31ddc6217e0d51bf5bfdd0a6b8a07be91d6dec64538bd0c626d23b97c84eb6c2cfe492dc953e34a328a2d037793d113770dcfebde041a57c4915f892d59fef0a8a4c37ae6dd72f54d6d8287d614f18707f399c452f7c5495935254c2cf1b7696adb63d79ee7432d749519589471eff1ddc782e91ae9cf502c46f4141f6267a9dcb77067507ac78a0431cf136aca4edf948727a8980c7ee794a1234ddb9019d3e5b9aa058b560837aa9670aad4cb4f63ac3e183e9394749017bd6c3a354058effa74ffa5ae5b5b3660ee2a9fbc3f56cace2aae80c194151100e189875bcb0f51f3d7428173324645a7f9a28b24bd8c54876d51ab1e55820ebc96d83de27cd18ca3ccd63ef4e675f1aa109f7b7471cf496332c6d67d7df504e4ed60d5b6aa6e67e49ce6bae2217f77a7a770466d87655309faa3ab81078f88a60be3e550c4dc0bfa765adab46e75cb4ce78782ccf6e75864b57339c7df212d3525094c890af4ea7374245aa651bc5f86a8349ebd5a23d6c7309c6c889cd52ce5ffb160f236efcc6c5fcaff90ed799d3d97f5dbd112a40f763c35f3c2a882f4f7f414b7f979da474a8227cb074c0f327c39911a6a9287d988db5f2fa1ffb08dd30d2813e7adedbd7c7a24626ae7cd0fd7c9ea4bf7652eb3c62000125dee4061cb26f036f03071b6593788797c95412dc1277ab1b6afda54b9efc7fcc78459a46ffb1567c8fbc4fd85c62e56ac62521c7e347b723419a5acde682bd2a11852ceb162df264e7048361833c2524e533f76fe006bbc8e5ce52dbd25a1bf5e1a451cb7770f4a32292688239e610862a29ad4c41757dd335ad468708d21f2266ee7da12d1132ad9ae714350fbb0964835c7ad4766738f59e3da719c64de559c2011b6f053adcafb78e405ebc8f3555108ea5cd7462bcd66d34e4517cd45ec8f6796427a4797a7c2da3c3f94e944ef6e255323d83a3636fbefd1bf841b84756a191b99bb486dddaeaf4f7af1d01d885d3b383eb0114b049150fc7c43fe6350c1be14ceb5243f5496ab59453c1540dca3e8e5878862bdfd82c85a7334ec236f9a69ea4b8ec0b85c5f021ba38cf2ee80dcef9e33799f6c6e26702bfd3b03ba472b1efa4c290e4e5b359f8cab05280cbaa6e776ef4d46e4e9b1e4160500845f71f622edec9a782fdeacd39a3fa772ebc4515ab0f3d4c7ded1eb7593879086bc987386b79e3c53ee574a1897caeb83b16e970b27d803d0e9d1110ace57e0c320bfb87e8ef209af8e25aafc2dcdf76f1d5420fb2bc3ec55d293b4a21ec6aec7d7c626efb9c99cb9b40230e291c8bd7dc604051c6a6a073f77ba893a8f493c6f0936d09e8d43b8521ea8721df892b39c25c91dfe69ae57faf3d30198e9f90a6f71a7c1d36844f85b3923d320c21aa3e6efc387b9eef470f173350f452bfecb5296806f80111c4949bcfd78a27c59def1c828b10ecdb9a9d7d8b276c9fb1ff87fdeb30aba0f448d17a9ed7b78e2e5459b4884ab7051e55c9c4985e1e0b5bdf7950516454f5ed1b3be9893f0cd79fe3490f7e87282ac372ef313a575ffa009e1a4a1be6ea7c440cd16c95b1a831d55e964811b5fff14bea894169b4324dc81603344279d03b46bb02482c92ebe9393afb8854874c4dfd618568fe7745c3665d488c156c83f36a431104aa0a405904632587f813793901aa9f3f63b8d67577d7cfedb657a62dc6a31c36cb8ec0d0ae6ef8b0f0c190129be910a76814b59cac26c49419ba9255593cda553ab27a49196b40ea8153223b8eb8d07fec7d27aab9de38a6fe7c75c029a976e9fb622184e0acabdfb2675aef30351a295df8c0d539c90a311d3b525d548776b6fc3a55fc8352fd1db9b25f53c6bb2e1688e4c155d02c5fb6de0199075ab4629de1fdec3d95d3e117b4a997bce8731f87073f357842aeb5e7fa866726553b4be9918c3a874755f478ef6a369b4021fcb0cab4cb90db461ace1dd076b7a4ae3b96b4100034059f374c0d721394dd425c338e0acdead96aeac049762ed3a46fecf00e2aee8f7a3b5cf5257db07a27b2037da648d9395f732f81f374c9be73e1352aec7533348134a6b54ce252b7f34ad5be9daccc79ca172b625721f3b34f3b6512e97f2aa6a0236b5279dae242d3384d7e8b6ae1291706ad97bb8e03d318ad3d4f5c8d704fea0dbbfe9cfa141b04279e9f2e48eb6ea3b67db14ec1b7524013469e5b959a692b9d03a411e9d11c4032fc363b4529702d9be667af8eae1b6211f1c50e914d712f443ca6ba5495b529a3a04c12036a992694f4a7da420d8ce84b17e5bb5525e8bcbafef523a118a8da3ba752eb8db1381a96455f211df97465946bb84bad9029c9c199bb65a9c832eb9d79fc72b8d651a0ac7fa3b5da88d7569dbe95cab7749a4e8adc919ce330485f1e0f1537d8f3466c9ae9c4a7aeb81910c8a099b93c9f04d961d84ff72d125b07142529f6896ecef53d314b1dda631380aeb8d93b01416d29f587bb593fe583b66174f6ca1e42e16c5649867ee435d5bd676e133689a174ed25bf4ecf38b8aee7b2dbd591ac5b935a203f109c3059524a647550921fa57a7851ca4d6b37396ef470e73f3f11522ca958e14c2a21681ed12944e5f63a8782b141df9c69b8ef4c23e24cba217dc9126e189ef451078057ef1c75a8c15fa9ab72fdeb5edece980c160541f4a7e484b5e23ed81475726f87c47ffe9e76c26ff55095892abbe4c18fb44f9c3fe6d9ad365f88e36b841653d23f7a5a85fabb1e44aaabe17cc632ba9a6a4499d4529d653348de057855a17967c71cc4d83be31c23acbcc820357ef09445dc6317d608fa35d1c0beeab719f4b57ea22c7015805ac8fb0719813dcbd7b60e76dbe33cb77c995ae3df0666bcac8b45270426214b2a49ec585e8bc5aa2966ae7083a89e2c396a35f8d2e2e18c3a291dda9cf8af567a8ebb65efac82ddce58d6a7f421f937d8ad68d02703ce1d0c05fc4fdecb80289771ceb1de75929d4a95659ae80059db1c0d9b0277058219dd86ebd6c985cabf2ab5802ba6814e344e141b28f2d115757e142498f762ad9cd042d5768da3591ac2b7e1044781e16f3ee9f0322686d2d42397bb0edd7d9d51f7dbea01a4b525c1e07d414ba824728f56f862c27686600cb3a5984f71d75e5a29b2f2de6bba324e17d8b7d22856e32e77c54c64a6590831c06275afd4c2e54a39bca339094c356c751b605b25171e1a64f7a7ff651b63ba65c6d8bd655c018c3a6f667d8fb8ac5529acf5293b0e11ad65576120c94a6c7cea5bc9977599bfda83fb6d8f5d9d3901a740f6bed69b776d877156f28cf1b2b4e92852893fa8984586e7088dc1a178d07e338e211e7ece96a99ef0bb8b34c30c31473c1d8c559df5a2bdbcae462f4728bd6092bad709c3e0d536af1538345ba209589c631c3b7b7929ef546e23511976f1b441e76955f9fff080db245735728a28d0e0a621ac33ed6ce1186d7101f065cac99c1890748a8939c1b4a247e890c92920e391335377f9f1522bec0f7c321d51e79b1187fca43c0e227f376f2c63e014a567feaa80fbdec81c5a658d7c7da311e9b5e48c1f104fbf74ddb32ec119513a18f1f173d3ac8071c68f51fb4730fd1c8d64dbed112f1db3e1505a565ee6d04ae49eb0daca0f370ef1903cbd13a6ed83b94996d121d88baacf35930bffce036598c140a12bd3a2a40b50e1be9a7106549f9b04d35191eab230c7cdaae46cf569c4ad414328d0b6b90415fb649c769ef9b1a819cf3e2351409d415b8906ef026999bb48ea685e2b87d74287efc083ac8c28021081aeb04eb5d160fde1395cd580ff8e0d086f919d1a69f2f04daae76b68b882f5b2d47593cb47deb68bd9d7c7b15737d673d71ab0b8f2a2e19a8fb5483c5b060772b5778a3bd2bbd335528b7c4a1abf43accf19b03cebb5dce309d83a20f77e2f22717be7e89c76d3832246d04d5aac95875cd9b45895751e769eb772bc0186201a57917104a05407463efab0ddfacd8f7fc3deb491ecb1a65aa65aacf08936bd60af93b07a0cf5fd5f504d194b564ef7c5eb446371313dc689645e5c9b0d362cf45f01e25f463ed4d561d0bd85ae3f8f6d35b66616fefbaa2e8604b29759a8e1563e8dad8677fbb76beb8a2fd18654826c2f7634a6e1ab70de3d87ff6c13a046dc698e545a99d2b7aac7834eb17bb2a84ceddc7e2ab1f157ea7d76ca20720de038b255bc079e1b33a38705a49e5eef07a4900af51209535225707a6b9e810b15113e58ef462cdfe43f6c319ef3d7b09ade649011ed682c14686243bef2edc7de04be68f7547cc8e860e3bd9d776103c6c7fd76192f1715af4b1213706fdc2051011efd7c8e1e544caf755d478f57de12a3f02ea83448d9932efd413ee6343ae7b8d88bcab63fb06b0825b57a660da2b9eab4efcc08aaaafdb376b8ec5430f374acec5839d2f877167a5e09e5f57493c6718d8dec1d38f1d5e81d9cdf63228d03e73437ad312768cae1ed938e8ce522680334507281c7fb47881f0f0e64172f8f246e99990b557f934fcb9406dae8351f961262e5b95c5cb2416d3c61b6fb9344b568e14a4f0e1ae8561580fdbb214fc60feb025fdc0ad07d38ce3902356cbda1741a9954e8367e8617b5b26f765170c37e4f0908f05cf5a166692f7bc93be8b9aec36bbe26326c4f99f26cdce079f75fa4e2df2196ea73fc88e38090fb997aea7ba37022bf28f0c308bf1d5b6b93f4444a2bf4a50a055490490ebb65db4b0f06de346fd5c82414c8a5963ecbea3271c1860c9d7758f012e7d169f90cbd9c20d565119e35c44c2047457871f223290c3f84865fe903a603bcb7b7b0eb1a52f7401a0ede9dff8630a158a5a4fbfcd5b8edcbfe9e99289e6a3f18e8b92f70ca5e43f1aea3691cf91b3a08ba01d724f6cea78d3e6d2030e1246dcbd9cf924122c8f511d10dc6382254be020b113575a70fafe65440c1cf2ac5b66743d0b359cebf5e1324405ce88378ccff773506a36ea1b0ab53c72be3a1f3becb2335f24c55b6d3fd5a5821c1275b38c081a3623d29343d1f3d08b0015b18a005e8f549d98295fad86c47e98694f462b73ace20657e51dc3efb5c181bec74c0694143cd72e3e584af8660f75b842f699979bebefa3c36f850adc47551adbebcc6e202011f2de33468c1b717eb2e80a1a18b644668d81723933678ad89522333718e1594d844c5c6fa310e9459e9dfb37efbe9a7e9c7eae4643174800c715d37387c437b625cd9f066ec75c6b313e94b543db6c541422ac802554631c8e76dec3282e7b1ab045ba6a4d2291794c3151e23b624c08923d7185ef7c5ece1f259c613be5bca9483e7955f513dfd41e2f3c656eb804a6451ee8daebb6a5d51c2b573970abfa891099d0b4ab775a2a5f8541939679d2ecc393f847ee181066ac1846aa2a5f9ac6a3cfd4bad3b3173d7788357d3f63cc9b92d690474cc1c91c7cba9e2eafbcf604933d826565d73bd3683e9e7e965ab2721489d7ee8569d9f1a1b6c697ee8700fb8b7f0afc445dc099ba955393f2af12b7b5e88e90bf2b56c1b514a7291864de37dd68000adf69d9977de25d29ac337edab244ccb34f26e48050cacd2846be96587a3149f03e162ea76d96f145792c324f7a9c1ded68527e002c4f029b667c208e9e35f2916a2bc5659f2acbf9b41e17cc277ff44237639f1ad9aff0ec3441724076abc423a55db1ee3c640c7947ec3c379847f5c133765b4dbe08e6fe14d24f42482d74006525be73f78058e5e24fd0bf2793682fd58699136c37ca87e578382408387b995fe05ba9cb1c1f010df59b907a72195fac532fdba314d46e8109bbb9f4830598263fe00aff38bdf7f8f0dac6fc520fd3d96696bc0f16a73e3d2a34ae3f0421fb627cf3cd78f946bd2ada39030f73ebabfc4f0533c035ac4b41db968442cd979ced1ff9377c98e3e7f12fc8b4a8371c8c121b2206132207bef4a25e90c5bd2bdf78b3e2ee04e7b8dafc5d83d26ec2bfd3166b18064928f090eb9bbf84aa0333027399b6c599c3cc0523f7ca9aec2cab4aa03e2764db73bd30bcd5e5634c4e66503d7cbac3a1a3448cc92c16d51d11324590951eaa115ec10e9a1a7ea2d7b0d7778cacc83eabf0556b3090f184f1352c2b9e75c47b54e2882890695c9ffdc0198dfd1cef1da5d781cdc452431d5b6835f386eea5282bc3478b1bd446db105f94652b9964c14e99d97e3c8fd3594bbe768bcf1c5b93d460892c6575c326e6f70a3729136ad3ad6f1d5eca53c0c370a27f3833c87cec3b1e25678b944ec97859745b628f3c2cd67722165f4a3b5a33b45cc8240e5124e28ca16fc4c82a48e5af44f531f7cbcbd47d334441fe850cbb66ff521222a490389f17a5301d13a5c6a2dd6acf4ba6060af6dcc9e4d03d8f197ca5fa2cdd6a93a89931715635e82c0ff21e120f54f74479149ba8b47542290bfda0ca0267a07484ddc84abe1ee58913895e7582b318dd07343fdfabb92344c685ccb28d706a364ced0a73be44596d1a21d29f35454ea77d89898b7370e70377f606233f83a6d50fee356a5172cfcc678f36b15a8fe677290ca9bcf62f8ef16d7c6f121fee7d5ee0e9f03c5a2b227f4c17603442d3bb363e1b8cc4356c266c50af6259d22ca93d934b20af9340dea11ef7f1e5b661f25574917bd82409326944b7af1dc8a96bb6f83c1acb146cf2f2aa051637b831eadb048c82dc13cb0970783865a84198337f98983aad467e7e0dafad37ab14110da796c2c2989ddbe2b5527706cf1b13f2ae779d42d245ecfeb5f528c46a4c22636848af429be0f19dec636a44be0752ab71e239a1eaa8238562dcbf428eb41a6850f994fc6dbc1c7d6b7f7d7f04a35d4e8016c7646defeda9aa4db7873c56be0c83735c8b751182f40d915063ebb27f405df2bc2af0de59b1760c359630698cdcf37dfa991af65ea91aef74f5444c6ad6419233feb1678586162d1cd3e2aa0445a5fe1e2eba6bb991a3a1c0fcd81dc2d161800d7db639fcde0e2260eaeef998dab3efbef1aa08e5fa15046c9f910344fcfcc30c04a5686ed37211d98ae2e7d1f65fbe8cf2101b97f1a1c5d2f5e9c51f52bdfbfa46391c47c041e3ed4601e511b81a84379e239dabf85c096744da82bf0691e9625027b56eb177c2462dbb5edcb76c7f915ab698bd18f775e78dba8d10fed35b3b7e5fd5fb1ce39e21a71363b3790b2aa4bcaa95b43b57f10ccfdc5880171e491e4f697abece8b7b13b9e5e9dae5e1b5a1b778dce072a1ca1f8668490399232692e9afbf44709936a1173d9e42b099248aaa6ece434d0ab9f631eb02be85571769c5ba8653d2d45e20725820d52ba5c54d3db1a158e3784fde6fb7d2308a8ef44adfacc7af25c07f5571f22db4edcd0d746eb3e0ea4c7cd0b09bb2e920fa4ae5b9ae852bedb9747692cec2eb90b6dc394b5081884ed3829fa0c03c32eb2095d0b3d4e12afce3159cf4fc8db82f3b5167faecbe88d62332f6f4a662eda80e9d8c656dcea6e08ab2c11d11f5fb901de6b58fc873fea43054d2a91edc83dae956dafac8ebe79bd741aa5d2e0faf64cdbc4b3b7c13eb32702d51e35fd5c9c7602d949e27ee84fcb8031c6189f639afecd18619ed8a0a193cf81b2d3fa6557cca3afd14a3c3d063128ba5ca484506f2e49ba02fd4b90ac611949433783687a9dda7ee363c0b077fc45936207a643452f182814a6d8f326ebca4ecd8600381425335471825c83e9d63f81db934ec98b0470361a5734cdf36e2971617a1c8dea20eac6d4f84aab8ea7d6bc24991b8e7efa649c05a21af62561b90c97049e4b2dbe1be5c9533b9be939b3cb35f61822d2c433d7ab5dced45af7fa65f3b71a9ccccfd66672f1589db3f845a5e87e2f1c736297a94617864882b05dcfae0d283663dd24e8e655ce34c6e09955a43c2f1a7a7d7b517719b3d876c715cf92f2852322e0f59283dbf9ec33e9b26c5d4fc4ad6dfb3bc0c71b1cec5255f897ab3301d2cfc9da18fd6a647bc0f32fa9e2ed751f35d6aeadade07919f95f4e744678e6569e5a8afd120ac6b29b3ec6dd6d2792fc3b9ad5f7ad10108f97ca3cf790875d75d3567b68ebbd203958f346fc9240385c911ee07e27c3896b58e85de349fbf9bc6385e95ffd21f27d864cb4df5a16af9294fc9d31633ccf839564a698c308646e99770eda60a167df46cecb2194ca4cb16e2573bba54b044883273fab417d84e7d520b65cc5806a4076e4e8ec174a89abe260abe0de7f44f13911d954acd05d95e2b430ce6d427c161ce5b82cfb42d92c791ee55634529f655398f370bbdde45242ef78df2c3aa660d3eab37acf027c6715099d96f09ac048bdb2977fae93749973efc303496e87218d92feb089b713865b72249bcd73eca3fb0df0096d615aa9ba0b7a3757c49f5fa71d6ee5cb043d003ff763de4256482dac3c7e14929b6333f9b6a360fed93ea156d021c8673fef6a1dc62c3694019de31115023c2d7712987a9970c982e2f7c9a14c45e0d93e1dd6b94a6d429094bf3869486ddc86aad1395ca183bb073d34cc30d9bb0e912ed05fd8cf4d3f3a63b4ba3699b0d1cd09b2bcc9c5c77011e5036acac368dbb04fef84871932667be5feaeaa043b4be145bdd33117611baaa44e1e4274ffedc4bcf46e4d51ffd461e71eb4739c4e8cb01580e75efa4acab55beb98eaaee53b02034d9f706e5895333ba1abb854a7e8f8bebd719fd1a9379d31a669d68d5b65e289d11499fdaeb271cc580fe3c3bf57ef17efdebda42c929a2dbfdff011448d8e60a656e6473747265616d0a656e646f626a0a3131342030206f626a203c3c0a2f4c656e6774683120313832350a2f4c656e6774683220393136360a2f4c656e6774683320300a2f4c656e67746820313032393820202020200a2f46696c746572202f466c6174654465636f64650a3e3e0a73747265616d0a78da8db60554945d17360c12d2ad480fdd3074084aa77448f700430c3033b448778712d225dda220215dd2dd5dd28d02f28d4ff93cefffaff57d6bd69ab9afbdafbdf7b9ced9fbdcc348abaec52969e56401927382c03979b880a20069152d2d1e5e0010c8c70504f26231326a83e10ea0bfed588cba20280cec0411fd17431a0a3287236c32e6700451c5090250727500f0f0017804457984448140002f1028f237d1092a0a903177035b0154b8004a4e10100c8b51dac9d9130ab6b18523eafcfd0860b16405f088880871fc110e90740441c196e610808a39dc16e488a86869ee00d072b20483e09eff49c122660b873b8b7273bbbbbb73993bc2b89ca036cf583900ee60b82d4013040341dd4056805f9201aae68ea0bfa471613102b46dc1b03f1d5a4ed67077732808803038802d41101822c4156205820210d5015a8a2f006ace20c89fe4177f1238007f6d0e80878be79f747f45ff4a0486fc116c6e69e9e4e86c0ef104436c00d6600710404dee0517dc03ce01308758fd229a3bc09c10f1e66ee66007730b04e18fa59b03e4243500e608857fe9835942c1ce7018170cecf04b23f7af34886d968558493b393a82207018d6aff5c980a1204bc4be7b72ff75b8f610277788f7dfc81a0cb1b2fe25c3cad5995b070276710529cafcc54198b07edb6c4070800010081406f203402e009087a52df7af02da9ecea03f9c3cbfcc080d3edece4ece006b840c900fd81a84f8c1f28699bb810070a82bc8c7fbdf8eff222c1e1e8015d8120eb000d9802158bfb323cc20eb3f31e2fca1600f802110d17e3c00e0afcf3f4fc6880eb372823878fea6ff71c4dc32061af24a92ec7f49fec72925e5e401f0e614e40570f20af000448484014202c2009fffa6f96703fe16ff8755dd1cfcd7e280bf132a42ac9d00227f6a406cdedf3adcfe6a0c96bfa68615f0df0aaa4e88760601587e77bf1150006889f8e2f97f9e813f42feff5aff5796ff6bf7ffef8ae45c1d1cfef0b3fc49f8fff8cd1dc10e9e7f3110edec0a478c868a13624020ff4b7d09fa739e5540566057c7fff52ac2cd11232209b171f86723c13039b007c84a1d0cb7b4fdb38bfe3e07447a073004a4ee0403ffba71009c3c40e0fff8104367698fb8556088d3fac30542ccd47f4bca422c9dac7e0d1faf8020c01c0a35f7c402223a8c574000e0cd8398522b90c71fcd0de0e68238c1112100843c1f80b51314ebd7990a0a00b8257f99fe4442006ee9df4804c02dfb0f120202b8e57e230453e5374230d5fe41c2bc006ecddf880fc0adf51bf103b8b57f2344759d7f900822a7f93f880791d3dc127114bffdc2006e8bdf08e1b7fccd46ec1db7d5bf200f801bf42f885884cd3f901f51d6d6d3d91671e7fd66206ce07f41442d877f414431c7df900751ec5fb18841e776fa1744e877fe17444886fe0b220ac17e2f05a119e6600eb3fd174110c00dff1744305cff05110b73fb03fea70f2c5da150c425f9c7ac229ae46ffcc78d0c0279802cb166a79c2c9f06d9d504355d574952b8736e0ea22fafb684c7e9778509c099a6b3bd6d5f3c4c931f739132b32a7f3290ac3e531c323af58a82edf07ac8c3a82ddd7fe9ad42161c49b66b5dea9833a7effb599b0d88daca89dc665828397c9df0285e830adfcc10d59039f1e5d46db0503bdf76c556fe5d0b6cdb40640fe00828bc24a07d4b018f96cc6cd97b10a94fcbb00aefd737228821821aa6b86a2bea0cdf3d8804c75c493545917df75c378c49ed5f5cec4defee4ae63bcd55eea8142c0f212623f152a2cd1c48e8217b149faef41186c4242570295d1c1756f2653a12b56c1a6aac69c0a67b58196c38e9bb6fc7ecf610676f40f2b9debdb339f64b6a0a03bcea8a54151e7d0381bc2f1ca0a9e20977b6667940f4357d9b7f5f3fec3b81f2b672912dce54690c3e893bf0f8862e4a2a4194a55ac03bf09379f15b0b9247c412295f13de4977c3041756a5a85266289d2882c03bc59e96d3e9678ce943ca6af9ee24db74f4a1453a753bc842af7659040714cf8cad932e900cccae15b82a35db1a77ca75abc4bfe20674e8cfbdb4c4bcd2dcb2e2c95d6f0c71a28e22addbab75635adff6def76c6ff7f13052290ef4709413d191271ff77a1aef98c7b688a5d890ed56baaade5efd0eeee1a041f0f86a98d0266a86737c4a4dc8e4696c54a2c3b2fb8366fb2e5d133eceb6a3526f78472e70804b74ddab87934ce01916fb3b6e275e69bc316b5e647e418c23c66879b2dba7cdf9e9d611cc0f6c6ba40b3e0cda9ffc103f302aa50b8d6e2fd233bb824e63e6d7908320b32ff23af5b0fc7f0ccf91b9c07f26456dbfec723d053adf052d1191e94ccf02bdbf87746d8bdcdf387cb4a5eb90bc99bde5e2f3284be4adc37938f9096e0c5fc7a772c9acac98bfb8e9c44593bb4cb37ec819a1c832f695cbada1fa68347ea5c995a0bdd78d6296ebf6ae8c894f2a9b38a5c0f10911b93ecdc5a0d24c8d6eeafbf0d7668d4928824da40dfb59c9ed722a28346f22f2b4a37192bb70f4b02147233f038187ec5563db7754157c32e15ada4aca94c6311fdc53460e94e9e2b2be79eccf77cee430cca135a426484d85f8234383b37bc0a894349e32749e37eb2cb067d9856015dbc67058d67c42720bce895fd4c3abcf97275ad13f31547bbfec33cc045e7ec528a0fa99fb6c1770ae5c607aafb76bd6d3b2a9713b36e9afb2bd7e2d60e6076b1ff0db7f498073a7f022d0c3df4635a186f47c941024e553f695b58d15490ffec568c9f433673cbded37f6944e838399085c86c44bbc335bccdeeebd260fdd4b10245a24728075ae6ce26a0288858dfc98f24883cc98436ff1a6ff9612e53c11b5fc98393c2c85e9640dfb2b49802be834dfa8c0e7abf9072e3ecb081c0703fd6ad91df6809754277e904efc2f3b96aa794a9e14c48c2fa9c9cecab82e7fdae62863b55cedad1ce42571056f56bcf522c131d8bb67135c280ab1411a700e182bdd700e792153b17a39ea3749087c11021fe12e257aff30adf5ed6abfd87286ab162dfd8e9b65f5240393c191e59e112db8de0b444e404df97a1e295abccab1fa96dcbf8e8295ca4149efe6654ad66d3eff5c506dbc0a955fb5575e8181f3e72f0e8a8ba63e8b283fabd0d4c3746273120a9848dcc3535e0eeb477f94d8e14431091a26ad052a0c1f700eecb57f34eadffb56df554209f6b8a985cc46c7c93f08343b90c6c22a4ceb35880d0c3029545cadb1aa3123f346cf55a29a050f1dae0adea03aba88a3036be49a25fb594c1f9a095f5d4b93117f4e7be6ccf34466a29d2d5f6ebd9fd62be3ceb52825d505c8f48eb55ce9e3ac358bee96fb0d67c5f4c31091619eee2dcb57f0257663ac81b066f3b3213163ddf189da7df201be6f032b265a397c7b3f1387ec709a62199abb6a295a0d9fe94cd561531e08c7b921cbd9ac457e9e4296cdb65f1ada4126e770421f8987b979f9c90e9de610d49390641d7a88d26bdcb00a175f89e5a36bc594079475e52d8f2f21d15153a816bb5746855b13bfbcf7e1a6192a77b8cdb09ba1794380fb8d863740b13ca8222801b0a52f2e8b6ca8f2ea0df319fab32cc7fa4d28261b0d8d1cfa5b3a1f53fc820205651adc482501742b0deba71b0ab30cf3ade361f553d3c3bdaf325d3f0e7be6f7015eb3ae34964cdf5db07e32bb8251177bac0bf0bd201ee0c69252bf78e32dd39f6da3b423e0a467c77047ec8292fc348da68320aea757a56bdc4f4279f0ec27a0fb4aed6ea6996a477637a3fb2766220d9230ff7e2f46d7acc5436c0799efc8ef43bf1ea14670e829d105abdbaba80654b712e3d101ea7b6b19b05e7c1e7a5c2ee85623aafed13460306cf4d329153087f9b19439512dfdf292017f74dfc2d7cdcfc61fa4450dda18978858ef4b566678deb1b2a640bee9163fcdb999df223dc3d0cc5b8872e1bc843f4e770439b9ae693ef1c230640e63b0f9aa5215ad706897d24dd16502b92113fef1fe891fbb6b68c38b5812f7ddcf0b972bec26363f4567675ef152ce36e10c0a3674369951db4f6a7efbb4da2731244a77d6ae4e2996985e77f26ad7d5fa385beec1582e1bdad0e0797e7ae5141fa79ef3ea197989694888af8b39ce7ce006ac610c3b1b373c649a2406ef0025c4f82d5d88b2665506d14ad7ede20371d6c952cab21f09f5b724b741bba6121ee693ec877cc8952259d307a8cb4bd69e79b2b901dbb71813af9ff7becd788a5436fdf1daedadfcd4c43981a5c411ec4da090ca0331e6079db16514564ff592c7a6e707608cee44d977877b29d9b4634f06973ee7c985ae8929b04c7f77245ffc71f0baa0c69397cb51e746c16ee6ac68bba6dbf391aedaa6134e827bb63d6ba7efc7918784958bb5b714a44f5565d2bbab535029fbd119662814247e1a5ab6401f79756fa36cee1a7371ac6d600ff9c9149d96c85eeb2828855364e1c73a3f89e8b68b3e3c9fd21d587bbc355bc6d7183d626bac80c1b74a6713249746479595d76f86d5a303ff4067ad58dc193520cd972a751b47706d5fc2f9847c4fc12ba1d8fef4e0c4ecace1f9f239b11763514557f9b539906cb01a6541dae6483c624fed00cffeca826d6550ac048576cc219f05e7c66c24fa8d5969440138808794228c6237d7b77998c78258928996435348788cb6046d9df210363b810feb54afafe0a0769eec70b168bed097464fa5cf8d2bec01a0325a6f1ad00efa779af9870596223b3c8efd3aca68609decd3d646c044e526459621e7383ea628ca290f560ba293ec84936a56e1663f030f3e2eca51de8b9026e73126cb7b57ecb101a97e1217fef352fefbfc87880afbe7cdf2262afd6392d91a8b04582dfe1358cb4ff2bbf0b55ae1595357bd2b6cbaa0baf2278b159e988e13f2d7cdbcddb159c9c726482eb3bb95878cde6f27229a53019231a4bdc7ccbbbbae1bd9d1376461db042f3eb7f59fe97e73572f71216821b43b690417cbbb6d088060b541d0a21c560e4be747d255678fccc9f1d0ded4a232e410c33d1a9d52b17a3a4a55ea335ddbe9ea49cf605db4130c9037aa292f2bf547b73aac88eaa5616217ab7d28e1477826b805c6a2a35cc9db96383ca6d06cb14aba95b2f592cab689b7c3aa064d8aed8b264ccadb7b4c29956766e11f1639b4e62969865ba8c327c8df2c8e790cd564f49a8ece4706f657ef0975f1ec7e0eb23eb08f34638c1613d0651acc17e50d54e9cdb821dcbc75b4c5f7182e722114ff44fe388e11cb29886dee11ec45fdf22bbba1a999c9902655f2a423a0e60d7e6492b6087618c76708b1c1c9f71ef732410e36d728d114421700ac7bedc78ddec3c713356169d23c5f411115a916b2b686c9e2e94f64258575fd2adadf983f9cab7a00bc11694919ef0f8f8e7f6d0a083b7568548b342434b4920ed5e223e2abc6d074e66e77cc98e88b6b13db1859f8463fc51660a7ac366ae66c2a28fca5008b0f96f7bcbff0cc4ad1b57244176ff37474f0380c20c46fbbf1d3da339775ea8dd1dd55594942d16bc76097f227c3fad76a6185f09a24a7532c9606cf98123a1986477b720d8ad10bf8ca85e5e3f2a5d2bbac62252d157e44300fa20ce3ee2cc7fbe6ca82291d3ffacc98655bbe9125c72b53fc91b822b19564e5b224efd2660a4a97a4c58a3c6f9c5279afd624bedb1506b1686010a6940fd540ccc6ad60cfe6d02a6a9cb226f673888d9761c26552731387676abcf56bbcb6170d26153eabc1cae7dadc687595129497be1d1b9082ec05416eb113f76a4fc74257d122946d865128d522c5000ed11086fe2a742ccfb9030c0db9c6cd248eb8cb3e44b645bb966f068e524586536bf7787d207f557a655fad8cfe48ccd79f6623f156f9d589391ab96cccb29bcf7735059f06915c38b69454eb21bd9a2b86ca12e075901610b5816f42cc851bc7654e09e97e6a9a76af4ff4ae1380f7347a83efd9f8eabce7bb1266ed888560d17be30cfb594e2b55b1b3248ff4d4d90534252677e74ae3ae66906542da2ac5bae4b1a09eca246cfc5c3c235913f9c8bde5c86ff470914a69726262ee72b261a20de6504d38750b6f17744fc79a9346a12f62c4fc168d53ed4e07a8646900a634d782891f25608cd64c1fc8fa455ed58748a61be189971af605e22f3f5554b150dd418fbcbca0659fca3cb76ec82546f51e45fba470acbba0ad14b5e5a06d4fae32a09c9b7ebca73298cea0794a0bad3c7bcabafb9a68e6789ca8eae9eca690f7712f55981ab5e7bcf50e891a81e31da36739537762577dac68a7fdf1140b01efc444e31e9df423f2ea32ec39b6c145157d9cb8d3777cc6d7173e5d890b5ffc6f74132458d61f937786182a8e565d3e37d9b19ef57221a5c4ac4a93a95ae7465154c92c7c2e167eb10d6d612cd4f1254c48dd0d4f6d447d9c74e067907ff6791969c6dfa56f42342e383734cf8e063f31e4b438e2adbf51010dfaeae029b6ab6760d7dd39d2736d617a5afd33c66e3e4398da6c00097da3fbc8d1888c30f9cd88b3aaf8ae31fd7b3c0696dd120183b408c6ee1e6505852892a53e5137082127bc57c0ed40c094b4087367fc7bb791ea339223053539bde50faec96bf972547e32bb7a32229444ae53cf59d885c2a282d8343412bd64915ce599c49dc90cbe224708892b46867565b334591fbccd933edc56313fac9d9567b7d34edf0b493dafd5d0ce5e3ba00b79ad96a9e4c6435dd3f7fd616ca37f604c7e3aab75a3551b485a250f9317fd2372488b9f19763855aae715f0ae27c9786aa60613a7dbcb52d9254b8620210747c62ba4fc6374856cc0b3a1c9db6f73fb055c82e2f1e299b778b311063401e2737cea87ccc7e9241b3dac515f6e2c90969aac706c7b399d2b3fbe6fb48ea5f254b0b5400f93171c4499bddc1a4e7ed0badec73b7436f4f0a675e88b3ca4706772a2ab5b1627b646f0d3bb4f9c1a61161286efe5b8d58b62c174d103cb4c1f19f1e26a976392ca72fa17336f8c604719937268f42413b25f1334d87379aed230738f67c9dcaacd3ef535a219e797b40171150913f7ad0b97885a900f0f9a44e9e2e768984bddf4ede8ed5d57b3ba4e6eece6c86704fa31ea07511abc5fe4b40e2c32227dc63cc9a9928e51724d743eca7b726cd198252ec0081da2e7726a5c2cd1b2f4f3c1ede2c5f6f3dd54308aaa7a678f7d9065488c742ff44073a9b16f9e7188ab3369e730dfb4db4c598c40d5bf26f460224b1c0edc8f77cbb1571bea5ab65d68235f8e6bd6125adbf8f0eea82c2065f380c3b72b2144400abffa8da646223331bde3100b3247c8a5385125553dff0876d4a754f6507a6d7ff7665bba228c7b3af24ce1aa8581b63369ac771573e183657bcd335f0b567d293b5e0b6453a3459694da6f134993cc91bd652fffa8ba2d1e5bfdfcb2b2fefebb27533faaa145436489ab68d5adc727fff11ff7996b3fe3a362e68f422d7d1f01d75745bfc4ddfb9f13433026cf60d2cc5bd28397b4cca192395e7b5d105a5a8fb0c2de0f0752601819c1f69a6ee270f3c49e122f389641fe85ecf4337f6c0b9f50b28d7595d8338feff591372469ddde4fa9754e71317ddb2ae1134e0622f4dde23f5bfb69f1ed197d4dcf4ecbf88724db8c52dd2d55e5c5e804588dd03a96ed81983dc1ca2794bd70978195604fd1ef5d2346da9e0ddb7e24058567978b9b3901d2883717c73053f9068eae639398c5472ab9a5d01c0e3bab576509bcda6bdb4ad701f3937dab18c58f5112bb068974edae7a198ebe75419cd01a3860ef6d19ba0e48059a1abb295226311971825f9ca8e3d072bf54793225c3f449037fd7c3d05fc979db28817f8221705b70c43643c07ce75057fd4c54701299592f0979cca6d14a6ac71cc2314f631d3f7eabc426f4dae4912274276ed16c40ee596671e137730c9f73cd1fba7297ef763cf95e97e01be74bc71e0bea32ab3e7d1c4cc98db1eb7697eb75aef1f5e80049c8a9636aa5cdecb8894c5b652dbc65e8280ddd779a4a7b4e540d760ce1d664cf76d560b52059ccf7a6f84c44b4428854f6e1d2741c0764c0ffa017a877bdff53e187597dde424867aa1509317292b5dbbeaf90ac047da9d6eeeca119435a2b586bdb7188877e9129b2599181a80534ddb159b011d8e1ff842d96ec03fa71a5e3a08e167b783027d5db071474bbcbb323d0669f095934f72dbd3abe22b504577626ac1f5c9d394fe0af5ad7ed3e4e3b1acfda11a6e5348fdc0d7454ce6dde435d9ed5d9e8673b8cbc33fad13457b51bacff06bdec6189a6be47e923f8dbc7a2a5c2be0f33fb7ed064c637b4df0cf6ed3b334f3b3f764313294339699b67e064993a4c72905aa4b398e19a88120d4cd16a4c76963b3e1212bd0f53ea20e4e4ae2593a2e4012d17b860dfa435e81b109c67a0392b67d211bf3af555e62c1eba9cf1a332f56405d76cc67e10f984127d2ee1b8868342fcbe69d4893921aedc56bf6aebe557a0644f42548540c378a1ff691ea7c4f5412521f3b6363348b7cf842840431952bff1fcfcf8c73d4bcfa3f5b334219947f51c34a6313c2be853a53d82689e0479d0b46e14b3a1d59aded92b98a0487fa7166b1e14603aa9d1b0fb4d3d4092e8a1bc7846dcb6b96089f31364e85625e4ecc85eb83ace3e4e79b75953e308dd5d38088725d44dbf5eb1bbb39f3796e228227d9fa3cac2995bef2b763427a66f13736cd64cd22ad610d5be2c70e07a63c3a67e3e5ddff1b863e299dd343ef023dfe15642fbde54a8ee481b8406a9be1c99c2381bf61efc418c3377bbef6379f78546abca7947bab58c6042c782c560f54a12f2734115d416eed6414a6f16c1277871742bd232b4f7f93c5eea98d641c3d8a11247b6f8cce7454a956cc51c56614f2b5f3677e358d9144dac645a3ebe7fb70dd44235311508997b3aca1add66ec4a467c430d3df243f5b5e7d3a7481e5f2ee7dfa353b13a32bba82bebde935a6dc1a9f1e73e3d6bb72ae792b9d8cb97b4c1c92ec48391da0d766e70c1afcfc37bf8fdf78ce50a69e628f1bf5f07a934a70ef5ff6483063e93a54ba1c911222ef9717d42bb855fe224f48e230c3e7cfa34767f1b5d7b33d844d3404208a9d8e1ea9a90e2f44360c8da5b89196eaa1930d2ca1acad9818e14e6c01c9b79811595b2c86c9491f4c44b5d8511fb4fec0e2a4ac7d2fbe6d5af00513b75e7a2de032d7a11e2c43981d369f21252f428bec3f9278bf43099cdf013f3cfef5a9f9773b1c013d5e7d3e05f32c3959b8a0c03b651d7523d2219acd87cf0f167ad9187c937fc335bfa3fa530642f50a2342a6b43c621734dd18ac3255a63c5058bf6fc3ceb567d9923bc02c4f20e0b878a4d92cfd45b35f61275c5bf3cb5b87e61faf6c0e5394b3441ba2769dabea494029d3b8017c540624782e4a2552229166d479723955984358e4e2735e9a150d99ec48bedb89e61ca9961473ce2aadc01c762fba1ccdbbee869d4dcd0b0788146b02fbd550e1992b5eac496b6ef0e933ece48b4bf7c64014c3cf827c97126ebbdceb0a2949670ce052a8d1fc7e1694470ec76908c529867ed9a317effe20b57403549c2e4d5032549d110e2b4befc325be147eaebbbd13a718bfe89f70982760dca128ebdeeceb98c3173dfbf464f4fd94cf8c564f59e06106f76346fd409202b70d2a2d68492e262d8f74ff6b47f4e7fa264fa3c3eea0dcca27cab4033a8dc2d461e3fab656afb7c60753f3070537714dd97c9a4e6c1c1731312cf0e12c792244e4bc6f4ad657c21619f2e68c885a3d553d294c3f51ddc8c020a1a13dfd7a98ceb14fc0c538f1fcc748d95df985dc900561f656c63c5308a7fb9fb52bf7e5082a6aaffb8ce563957fac269e4a1bb589e2e91ef4f33ea9891f294dd9d925df65674d9f3216823528d05847928d3bd7cffa79740997c8340abfdc391adbe1cc944ba4069e6bcfb8377b6da5fca305e7eaf13a1bd97400225cfe4aa8a8e9fda5ccac9e27d9c7f99ba4384cba66021653c1c372c7fe1608cef56ee5476a3ba0ef0082a32d8704bc3f0a41350c072ab38546d5671a0e2f9f6ed6079d54411d3af2ea6f1d6fe85ff980e15c980fa8f98ad2b552a5157b10d9c6aefafc1b14e8927249bcb433d0433ca46ef235f450078d06ca31668a83c6a8c7b753d48d02074b92a06b4f975bc76ef38e9c093ad343116e37e3d1e17ab00ee1f4eab208afc730505f320327a359bd199f36f5e5137a0bce595af8f71ef2f538117ed87ec469d7c2d3ac4a2cc74ee91b2f579cf7c0ca5b95d8b65ae5494e3b1743ffe40c3addd0be11fe81e8adf1fb64ad0cc42728a99df53c1ae8ceee4ad93d6bb158ee7c01f1d2ce3c41156ec6392bd5cd410e78c0c6e679f21acc3718bc60aec8c9db1f0ebc6975d5bb8ee15aa7d213a2423ddc92e8fbecead63b4ef44f8530d5935d46b51e1cb3b5e27aba33d14e64c455217011841ec07969f63fb6f417d561e12e50e63113447f3fc15068461a367fe3157bce1a469b69f275486d22a268747386e0ca5e3e3d49703a3dcf0e2c234698c8f1ef962493f1c7d12103e711a94a7c05f32ab0823fdd843afa5a317cf1f312ce3578cdf880f1bbe25b93db07c36d567cad298816a28d6c793f3c997ac70efb5010b1eee265a4c32bfb55f1a9127f7a7f518a565a48cacb7357e312c6542afe412a8ac64556c812643571989e9c58b3233313d508f4d085a8fd7a518461eb75bfed46b3bf2c6fdccca6b5e921be2584307585737d8e20d79896cc1d15d42a33ce6f809c3fdd399b44fcfe829b43ef297c1fc5c6e31aa0f61d4bb493e6bb9b76a5f88e3c9311c2d225b42d5ed213ff7b2e74f6dea87e198be1c372e02172a7a7e237536eb06d8b237af8d97c370ac624a80c4634a5649fe9c8a62e896497bf950b3279501fcf9f187aba4c7614721d7ca8f6026519d923eb80f5a19dec219c7b9b0699581f6452f5e31d6f0686abe7946cfa3fb9e01db2daad2742192e0fc7bf4cf8e22e7a5d2dcd41a4136915aa04a8b317b44503bf9adc09efbe2d408e73d0a0d3fd189ebfb43c8d7b3933807c352c964f0ebb32bd10a0e3fb09605651d594f11b828b53559dd7fa60cf2ee4bdb2689a8311271139415ae6a2e7f1ac05625b8cbcef7b5695fa93c1e2eb019b3ab3dfed604bfc583cd008541221dd6b44ed781cc8ea79df1caad2d855ad388ac24b1b71bab966295d489a81330fdcd449d3cd236f97d3a59248a5f85a633fb97a9c20aad4f2102bc78c4486b09d1afe67057147e84b27aa0e38116c82765d780a594f23aefd3d67488d0d16ed2c297cc2395dc1cec0baa414221f1096d0bc622e41227f68ee6ef073eb1196281e5dc700b9ae3a02f43fc9e3458e042b79a286c2bde084a0649857fbb55389e4b54884b30641a94b1388fbaeb9b6805e00aaed4b667b4b8311daac85fa290c1b4ce71834343f48439090c576fe30f5e398535b5db8281d2733906a523dfec71e3241807373f8f93c4b36796d4b90334f5710bd1bcaa2dfc266b045f48ad5f8ccb027d0ca27d2b34b467e8d00b7417a596401c527e19e40f552c0c3815233f3ba79724e42d87dd26a464c4ef0706f17e2f7e5dae70172e1e9177b7d59de5f2c3b6f895a384f240db60d8524ed5bcaa2da5bbd1d64f4f39645ecb46ecbb15bbbb850fdd8f8ff42885c5bfb01c71f5bb681e5b92ba15c1628b2cc54c31d914a31ce2f2145892cada24bf348eb42c42dd2bdd913f7cdbaf650f311b734d759e9bc36714717f30ae4db2f0a6e4c9564632ada800adadfcf76c4a667f967ad6f3abbacf78c333c2afa70e1face4308f663b0b9e4fe8c122a99b4dc64fa250aaa90e855bb2dedf30c4f1744731af5e2e7ccfeb189a0a8ac335f934e36876e797dad7e46eaf6a76ba62a73a80dd7aa76279d160769ac4ea3b2d372478a056293fd2dec2324513fa7212605ed585e5bff036ad5b4ea1d4aa8948ab0817e4996b45cd90ddddb1baf4c84087b985d5152a7b6cdfa84570fc58a6abec7bf3787a8d4388d76a993505c3ce639479e2ed30e5c0571d380e631fe2fd2171f93ba92b1f7d154d2dde14160fa04f33fe5c158a2b9c7d50c305dd61c7ddbf76166787d38066e213b717661e3e3533523bfbde624eb2de1bd76bb2a42bee3c31c2fa59b3a0b1e515971601a9e548ca9e8d2475e1cba5ebe771b20fd7dad3f0cf3e188e132726bc0eccaad932d9d52755037c4d9953c7d3672af150d5bd751d50b098adb9cf6b2f5b7163090411a6352b7a779a70f9eb98074f0da26f8c9a15ca3f3a59a9a2cda5b4661e76fbb4261ea4392aa1825ae05dfac368d2f45c23e1fc5c49e184ec38f76c24dee2e7fa8d5f3875395aafa897fdbb780cd6558eb1ddaab233bc66dd62d9795c00d420574121634ec765f643644afdfe7ee21b67dc4ee4644e169ba4fcc2588277789e11aa470c63972d4bb9b3c954afd42598d7362f23f6095827227eac9f4b53594ef0bdcc4f69582669cf26427b75698efd3ce6b9778ebd098ca7a4dda60aaf2fe2792abfe6437b0f2cb457bae1e8b71a0e912cdf096a15053af4d0e7e77e7c19d6b29908804553a12653cce77b6cd85c106ad2d2fa3efc4eec71f9a3d5ebb19441c3eef938dcf1277f9eba16932cc7fba03ad2203879215200f1781717c56736f8517bedc9cb1ff26b14ecec59d7493e4fbf2da83fa716efb47de427cf33ca05788e7bfcac218dbe223991730a3912e7487f47ebe2707c887dc81eb8ffb67e6a831f7e1cdc182df03c787d92a599415353bf346b6f6f0dffe4cc01f9bb9a6f29c8e76370ef26569bb42f57cc5ba7a7ae53e3e901210ca4bb3dc2764a501a51c3f9cd5abd677d0b70c341d537f974ca33cd4be818e2ab1a94e26596620e64d2db1a84f90b9378ec00b4e459ad6057c1d924516ed200e61ba3fe81e7cfb7aae79e0fc69318f1ef1ec6d8ddea0e7d0976c4dd11591a9a536c3da1d6a7e4bbe6ce164655b4e525e576bbfa92be182d6a83374866a0a871d08e7a6c7704cd38bb9ed8910d9dae016c8c4effdd3afe333c8bcf837929b803b7652e2f08319b90d0bb0bf426285dfa7d9854279db5c9fd92a0c82d4a8f9ebde0c47467d27316de9470c77ff4c925d4db9375a5a26833a9e65ae109863b074ddd78c988c847c45f4875c6b832c52d93d7fc3c51248aad53b614a25685697679d7344e3b83d0a3ac621bef070e632f97cc5ff9aaf07fc09958a6509d108bb7940453211d924a6f96d6ec2f05ca36d6d589f986f40657e2f8d9c1ac4acd96c57b284bd13e9a5fa864149a272683d4059ce96b69707384a8c8723dc7de1f3fa6a3ac55ca17e61a987bac8a294c0562c18567e8055fa3d086e938a55b88c87da06b5f832b6ebb8422e39c425dace7e5f02f04c232b973b0cb68ec00ac74c643a5be264b7a0f243f571d67846cae1574849ab8687477d71654cc5ac82ac8ab61d24db6b88abd6daff7e853eaa0ba3673ff8e83edc654ac4e234ed638642049e119dec260b9764a3c670555d634e2920817f0c54289297ec6869b23bc62e975b977c438bcd8581d9001cb7890e73024a115cc651f4983a3daa7d9a7343eb0a855dfe375e72af6c4916e8a8adbdf4456832480cfafb5ba4d6894cfeee66a8526f21976632dc4e234a133bfe2cb2aeb73fd928e93c983373cef8f20330fc5a774eaf6d04a65f6d3521527e437c4d64c22eba11d25e963d2528d1a8c8d69342a6e3c8e10a4f9e8e8e94e1e45c393e5339a8ca93bfb9a65ac08fff54ddf846114abcba78ae3dcafcefcbcaf3e5571f97e3cb446adee7069aa3ca4a813c5dbd3488a9bd1239c4f52727c9df129841d571193c5ef9c4b695da9b985d76f7effd815325e4bc4c6d4d7dd60fcf9e08e9900cb8fd008803d3af7f55c2934c7b9e38b52959d6fa155984696b211deba27f5889976b90a83628ce1b6b89456e5d094de435d26e9a5ed23d24432e617b1092bca43e0b17dc55d5ba4f1421060209bbabba215d785d065dec8f2a282d9a1b4051f65548083f7ac5c97920e8a8373c8f9d93495f9145e1bda70fdf4fba1fd9b35f207d449db4a5d488714f7d47243f95ceec98cad1a3b471af2ee1e32e55bfc3689f0bd80afb9c0eb3d183a24d57eb1d5fbdebf7505c7a942afb2552f0a60ce3faae22131a7ac15867a173d308c6acf7d99f8a6eecac1cce2e9b7ad6d0cec0f8a94ecadce6ac1ac718ee7b3afaa97066b85df16df3e559b1c2a65a42826b9f4bfe9ca460bad1d5cf44003a5bbf8aeef88c65f8cf539a43cab420f87583f7e31c0e2fea26d0a83e49dda9b99949d5b17e7e4d77c3b9e5b9b789549ef2da2361fb65d32ee894d7cb1e1b3461189c485a6623c8bb35b788b9f78ecb3cbaec9406d60e2473b9689c9d4a3bc2e41f75ec348f5fbd492baa221d0b574677e36a2379df7c25585a2d2338de7feb63f346aa005c02f2f148586cfb8cbe959385aa6ff06f3dbdd1be6dc1e2b7c1bf0b1686b63d94b97306341fdff03c8442e6b0a656e6473747265616d0a656e646f626a0a3131362030206f626a203c3c0a2f4c656e6774683120313935380a2f4c656e677468322031303930370a2f4c656e6774683320300a2f4c656e67746820313231313520202020200a2f46696c746572202f466c6174654465636f64650a3e3e0a73747265616d0a78da8d77755414fa162e2121d2dd0c48e70cdd084849b7740e30d4d01dd222dd1d9292020252d248774a774a77c99b13f778ee7def8fb7580be6dbfbdbbdf76f1674d42aea6ce2e65053b034d4de850dc40e1404482aaaab4bbc0501014020173b10c8894647a70171b105ffd6a0d169819d9c21507bc17f71249dc0262e30d96b13171855116a0f78e36a0b00710140bc82203e412010c009040afc8708751204bc367183980314d9016fa0f66067343a49a883a713c4d2ca0516e93f1f018c664c009080001feb9fe600713bb013c4ccc41ea068e26205b683453433b105a843cd206017cfff72c1286ce5e2e220c8c1e1eeeece6e62e7cc0e75b214656205b8435cac006a6067b0931bd81cf047d90025133bf03fc5b1a3d10134ac20ce7fa9d4a1162eee264e60004c600b3103db3bc38c5cedcdc14e00587c80ba9c0240d9016cff1759e12f022be0eff60040eca07fdcfd6dfd872388fd9fc6266666503b07137b4f88bd25c002620b06284b2bb0bb78b8b0024ceccdff209ad83a4361f6266e26105b135318e1cfe44d00d2e2aa0013588d7f57e86ce604717071667786d8fe5125c71f6e608d96b2379784dad981ed5d9cd1fec8ef35c4096c06ebbc27c73f23b6b187badb7bffc616107b738b3f4a317775e0d0b48738ba82e55effcd8289d07ecb2cc12e001e2010c80fe405801d01600f332b8e3f8268783a80ff5482fe10c3eaf0f576803a002c60a5807d211660d81f346f67133730c0c5c915ecebfd6fc57f23341008600e31730198822d21f668bfbdc3c4608bbf306c0b9c201e003d206c094100e01f3fff7c3280ed9939d4ded6f337fdcf4173284b28a96acab1fc53f43f6a0909a807c09b8d0f0460e3e4010240400101001f3f10e0fbdf9efee9c17feaff53aa6202f93bbf7f7994b3b7800204fe2a03d6bfff94e2f6f77e30fe7d3e4c80ff8ea00485ed3518c0f8fb0cf4813c4033d82fd0fff731fc69f2ffba813fbcfc7f9cc1ffe624ed6a6bfb2783f13f94ff8b616207b1f5fc9b03db6c5717d895284261b762ffbf546df05fc72d01b535ff5f9d9c8b09ec56c4ed2d6dff6925c4591ae201365781b89859fdb54aff9904ccb92dc41eac027586fcf1f800d84040e0ffe860d76766037b609c61f3fa5305861dd77f8794b237839aff71859c3cbc00132727134f34d8f8618807e00d829dab39d8e3cf0d0770b0db435d6026005871be000ba813da1f53e5e5017088ff21fa0bf10138247f23010087d43f880f08e090fe8d604cc5df08c654fe07f1730138d47f235804cd7f9000cccee41f0482d99998c19afd5b0f9398fd8338b961086c0eb1b5fd970dac4b1ce6ff822000c76f7b581338fe1ad03f1258361610b77f51386102a8abd3bf5cc02896ff406e58c2569e0e56b0a7f137032683fc0bc2b2b4fbed1056933d6c5abff5b0f3e780fe76086343ffa5e68615e0007b98ed6dc116bff3e406fd2d75faaff44120580ffe952b089689f3efd07f20b0dbbf52e581d19d61efca3f6e61c939db9a385bfdcb05ac47ffea0f2cae8b9513f85f0d82e5e7e2feaffcf9011c5e60a7bf04ffb57d66ae4eb0845dfe7c2360abf91ffce7170218ec013643fb310335130ab6ae096eb9a912277367db1a11463a4ebd79cbc936526088ead2233561b416af9e95392f5f2afda31b246d68dda624e17893bd3c7beebdf985aad693fb8a8d4a7ad792ca3476e6e90a7e2ac1fb9a9c6606ab01eea376b204a560b1530f9c0a450476fb733173cb1e753a2c1f869aaeb904777afc4fd27c6f425a945adbab3e652a10920b68fd5c57736934edd3d8e2b92066c859b78b09da88d40f4f514aa791176ebd458b77ff8cbdda3bd0b788d34dd11111f0c62d70eb8436d405474aa88ffc3537ca67adc53ccc879c62b783745c6f5319bc5707e63d653f3c9b3285f23c947932d4be74689ca1c6b179774977cedd2be441934bd3acb8d0a93aef54bc87263a56c36d0bb90e1f15c49c116b85a48725407b1a665e24ee96f226df17f3847c099118c37c45deee5ab7315224e82b36c0433cb668879ea9f2cb503ebeaeab3171212e489be07596e323b16ba795680ba64cb711a79c8dabfc49994abf68678e602efe3dd2403aaa613c3f173463bcce835d5d39906880b880206363cb6995dcdec6bf56211848f64e6e295ac9ffd53d500ad97fde4d576d86f130bcdabd20335d732f67ccefe2e2d547bd359e0e1b2cf3888def012c1280c9727b2d77b293e07091be9c910e4c9ccb16ee803d2964d6ad6757f19384b69cd19ec197d2cf69736b9b38c827fb8bfabf6a3375c5940606713a8d607d946f7d3fae9a29bd8b1fb74c85718cf4e3981b1d65f3da332c848faefb5a462de820dda900ce9bdbefc2a28b31dabe842abafb24f4276927a76ee2657affa77b1936a53b634b1f73573fbcdb0f75f68a10210a63a96786d4321d8de9efac0ba2ae3f8f218a69734488483d56a45e9b0645360c3b3e56899da02fcf85df94db3fa22c7eef15a5baaec8922277180bae10dd7695c915d87d6a9556cc2789ec40d613e823e08ffdf23947ccf446c1a8459cafe50d7e3eb8617484bea5d020eeae04e1bec2cc48354097880e7db050c5fad6e144601ad51f832b072dbc2ab24476a4c54bac58d82135fd2bf7d877e115c3e6ce50e82a41e0686625f04559de664d277aa2602abe473a101249831e3b90127e7b83f2ae31fbf4b8fc3805e526ad225096ce2f4d7aa653670d1a782f17cf44c79773f46193eaad7f032a7379dd781bf3721e8edfbd09799fb9fcc452e00ca2fef847e77591b1cab4bd41a6a86d5e88f6f0f76c96419c55c60047f8a39564e533c905362dca831e0e329db78696af038487480ad9ee7eb9ff3a6189b63d8bafe9cb1071e130c56c98d01113af74ec89cc42fe55ba57a954e8a687f6515b39391b9f0b4a96f41c706593c69fb7d0b789542787a4c13ac499cdb5e33b68c9df268a56d42e6482930d19ff52b4192f5658a92825c07e90e2baba07aace326f6799877b1ee43447c411d9d0c5aa2ad4b7db596f39fe4cfd74407f9a9064e18cb05698c7ac31eed86aafed43ddc4753c0925200d6a8ba78867049daab31f5846994f1ef829408978d55927e4453526a8e33e840b474e6ade186742abe6f0e854b23d3d210ae5b6c3f34e2b5f7de89232e975727020d8d98aee1542f98c3e7509de21f19a2f5f1fe5f5d7e21ed6dba051dcbf562f37e8f6c2d69f9a5c168ddb5518a3b13650724ad8cfe476ad88e6765651b41098729a283ba87c07c22687c618c127abd1f0ad08cb7d6a8dd643b9adc878578d841dddcd2fe20fba8a9308f253097eadddf0249b2858fc4a906a86244a259c46c7413f474739d9972e34e8b94ce0da63f11d28b482d409dd384a3b0721fe416554592267a966841d248ef636c3a281df7d4cc0e654916663c02462b1bda009bc4411bbda5f7b07305990a83823f45a089c4df84c89da4d957d249f8bd29b7febcb901b64499ad9cf75433b4ae877fc43671bb2d8cf1c6d124ef12cd0b256f1a5e2d79d1f600956cff60681a7ec17c3d278d64121dc47a91f02633eb824322ecb5027f6cd0a46fa87bfccc22eed8113e2f2dcad083a462a0cb86d78d5b0cd15149ca3920dbf33a6fc944ed95536442fda01a95641cc0b8c93f88cf74db82cc5ac0584e7c7fae2d6d8c0dda9645d8b7e4633e34b5cc4428912fa1b505679528d7dcca9a627a1c7c4c11d2130cf33d2b0b6bc6b97a39cd570a129fe48c4241eb7c35bfe0e62929e30c091878a60ee3d064fd05929042f3f47bc6af625a9db23748868efab23ffd14f5eeff2cedc024e89187b53ca350b065c82c0ad73eee0be098bbb66867d9d02831dd4afd2edf38a8a33bd11452ab6658b428478d308f8ab2cbd5bade0f1868745e4eec4331bd1dcc9e6d76fcee6184a5122d7081c85b3199dea43ce7fa8341e507d8c4b5f6fcf7a8b88a1f7c46dafae2cb8352d8a82d63f5ae161379e1fd61c6d4f75f7fe81bcb4c833743018fca0455a4ce438f632f9840bfd91f8ec9c31254bd163d696464d1b6be8521f9b53e4408a4b56d1047b28b410cf32d981f5d7e1201cefd5b4d84d2d9bf51b69c34cede881ee20ee8182d20431f7ebbdedcafaa34d7da06744513bd9c83e8b537437db2296e6f8cb64d2f8a10a2184dbd7af4503a47a6fd2b3f6e103ed307402bf84cd2014481dd4904f67301e7e9d2c10c64d734b856fb8b75b2150642af298f60e26393369de08661a754fb15e6043447fe9e9d29ac962311c1ef403e3d44a572f95fce30a1d330375677943526adaafd5ac17f38cc9981bb1f044f11471a8fa63d33d35ee452dad8617d610ecc0d3737184e543bb67ea54665f944c20c931f96f86bf9f46ea45a3cdcef06c0408f6673c1ce8de051faa67fcd07e969cd7e17d3c5a7d3881cd8ba467ab7adedd1835ad9499924fa9efbd4dff28eec6ebeb6be5714deab0e960973a831c89ec6cbbaf90a3aea10de8d9a8a4b27ef3dadd2af7eced411485f7f9370fcfa48fade5e65bc696342b31f70a858f95f8b6e7f9b2f8495e39c2da5997c53b149d4867cfc62bfac3428b2ec6ef164695d8d09ed35766a6d82bc64e94896a409c167f50f26c1e3b90067fcbbbb86fbdd51eb8a431afd174e1993e16cf5ff5a538558ed6bfeaeac7dcabf56993aab5e588d857f54fb46b514573c04f912c46829c999988f4756287faef1980d6cd1418c489e838800f714733b673b86b6696484438712b9367426b033f8d705e2a1be394c90e8a0eb8e6d01caea63e7412a6734647e3350f379bece1956b12a332c81230e1505f5656bac889e55e30245c1f5a1e99c6a38132ead1797cca8fb1c7cff2a8e1b6e54089ddf326bfc06f1e911fbdbf75d37d5c1d7d573dae2af55ac38969720c9d949a8a2e84b99ba382ebe987aee1904496dbc79f7b6192aaea31ed1940cc8db7e7e1f24b6548736456e6d22d9f16847afb3a874e07d74f3e38d09bbd99482c29f54ecde9ef0e89e31c1f4b1f88559260efcff87c3d90f24de55c990b149e8431b2c6f221fd336d91a9a0a7f80e6f497c057356d6a15a9e604242399ee2a293a380b02d4d62bbb250e7ad5455cc0a0b735f35e91966e7cafa35021e7c1dcd24d40f15ac2147937eb68640e57d29158ae349e3c1411b28522312f333ed95e2f1af438f1064afc882a94e012e6c6736ad347869ed1d64b0474a7befd828d96705cc2195aa575ce327314f9c28e25507abbbb10e3153729fbc30e3ef2d2c0e8db4439892f0b528bef312f8c8b4129a0f58a0ea4d324fa9bd4af52f705564c6d9943b79fed517951bb3b3adedb1f8f453922f73eabb72c37455a6a2f27bc5496e9e65b3b288b411a4f53d84a23387f45da5fa6b773cfb24537d9f5c9e8e93d1a4bdfbe0233a523fdb0c3bb87c2db6c684d9c04dd9288a7e753e91e7444c2fb37380200dfb8592db7049055efec2a4d69c6a3435646faaba2c39960c8f838c16cdb4773d4eb28ad5b134ec5239b4f487241062f4e567f877d8a0da9c7d38e5273ae42ee7c3b7397129fe5dde7513cf78eed2f11e74a3335203e4aea4a7cc623566e7bf19d8f05372c0d746bf3d4e299c382d2cc8dd2dd05c098a6c499415e9a80a3b5d6c0cd165df287f4fdda81c80f69e3492cba116c52c6dcf78ad9a815fad2ee15e9a8be279425490ba5b46801ef78fc457d301bda646695f50f84f8b82ebabd1f614dedcedc77c30c2f842a1b1998f17bc6478be1652e9437ea7ac0447c1935cd3716101f7c5d006139b619324d569a532cb6149c8ecc580dcad8dbe30ab1167d855648590258ffe46b14fdff0dde66303e7e5dc16ef4ba1a2b749ba4d6f4d5fbb79ea77472a5a356f6176843046c315942c875deec984177a9814346594b8c7f1addd2bd46a4c0fa1b8d27bf3aeaa1baaa49df5792d5a710802ca7756ec87fa670a32a29325a832278f0f8ed61e77045be7ae13b2abe7f9cd65c1aa3413eedb502067a925a8edf8d2ed8a29d9c35c4942e2196d13f06767857e091665126abf4d81916058fc956885f6e6c3cd6d9702473a96d252c2722ed4fc307e4f912d62d5c10cf9d6d1e7d964ae787573cf8eab3fba06dce2eec219608892cb96e4a28c8dbd5284a787f1316d293df0f555420e27eec7bc7c833753d4b314d1f599593f48b76ad1ab000fee8f867d841e43e8f262928ae2eec15dda6ad25718423f2a86b97fb4844a1a897d47dfbcbe45d73918bc7b8214f812d032beb7f2b620aa6623e9f3d92b20652af53ead026d875cfcd89279d64cf70e0e642a3bb1cafb41b39cf1cb31d746860c9a9f438135c1c6fe71f1dd838b65a1bc3cc3f04a151939c88e61952000c44cf24b4f0948e6954be09b4f7515c9d856615c96c9a543929a9aaec99cb8ff8bf12242ae79826b5ff2faa5fc594c19ce74549c77dfb9d13305bcfde315bdfc764d785123a4cecbc81d302ea8ee363d29854978b373924a0f4989d4598fc5b787a334e3e5bc8b7ce164535700df9048e76753bf33ef4a10d46e4d012172b88e9c35e5bce723c5785141c608fae6a341f8a5566ecfbedbc5adf24d86688b56b558e21838c243b5c3dbc03bc23370265275be07aa4b3cc3ef5894d6bd4a8b46b9ad9548ff517ded1a37134bacad5678b140900ee8363e606c40f795ef41cea38762b3d540602e5d97c637b8fac2fb1ad7aa4a2575bcfffc395b9c29835207f995f7fd70fb1ec1e3d0cc3ef2d7b93189ddb793d6d6a1ccf55681b532df2d062b6dcc5acd8eb5b3f13681d28ad0c54b2c7200207f49fce207492ad696df432fba56bb4a67ec356e8e60043dbc3fc9c2034759b03d2849603acaacd7294d696b0e1bc4bfcc5e93483d80d9fb63bd8b5cd278e602e33027af4347131129e6edf469ccb44e9ffb6343ebbea8501c9a478ecea918f51644373eb1d63958a311c238a82e52786dac83f4fa80e644089d75bb1df351e44996fb118dd70a930bd4c91a6901fe016ffdead147912314f9fd8dec8171152ec769d948afcf08d4adb6661e3f3aece17e72d79fc47eeb26afa723ffa7ab3e511919bcc881dc67b13aac404de1592f3155b4e2ae7e334f6995594a8bb2f2194bddde21c7232d65c88c019bb3ff7b1ac40d9034e2ab1d2d716fabf1c4ac8ffb9b0ebb9656633bc97b8f5195c6f5b7fe5b2bd959acf756c616df7c1b80ae93cd5ea361c5a753f1057ea4d138041f5aa3b31b184401cdfd78a6de567cad8eca2c6378183671315faa2f43e6de7e8f9a0f307131e4572d61d096c4dadbc8b6ed93a3ec25d28f7bdd86959130b81c6054ee9997c488e7c7ad57e994e9d05f63a0336159bfeeb0033d526649f37d9c1ecb827c0ec7c2a825f0f51ebfa0a74ef22771da53cae32ebff4d3ab2718b0188a8e085b6f7a7e9e1cdbed4f178fff3cd669b1a3c45f1a413b3a0d18a642e73344da24b8864c6a5ba6b6f4c9f03c5695807bc922cd13e36db9f7fb092a8ff1f3017652af35ac69cd93c8c510f6d7078153fd79623d0da2f0c5fd0704c96314ee8b64d3e327d648e1a69e0b97fc9cca17b8e82c251bbebde35857ee825f733a3f3f1d8a2e76f7d5cb978790a11122702b3414c4e2073e3acf13f6d79713e9e3e86ddb5fb2f748048d8cea6722f565a039f9f6ecff9cd5b41f4a5998ef8a22899c21e32b1d5c84dc6cd09536358cc9db0840bd0a36518c5682b7cdcbdbc65089997e299fcaeaf7eea31df6ccaaea96545639521fbf97858672bd15dabf67eb6b0edc8a7cd576c3b134bddbff79173900ab1c0b19df7528284e605fafa2d4f161f322b7219a8f3acf0943ad6d851d5764906ada3b7730d43138946d58629c87953b588c4eee2b8fed6be6069dfe346c9b22b3bd87d0662a36c5f4274ce6571b77e4ba4eb2ec78820e8e3ed2ba59d7c6344c5c7ebb47d97a4efd5f93c486d352166fb92b5605dd487a37cc56445e9149dd2c242fdb8944f1662a9f7e2c183dcaffa95b389b68c3e12820c27fc6975ea9ea6609f7b9f2d944987378cb6e1b03da0269e64b89fe65be87795b5cbd43564c74ec845cede4437cb5b077447a52e40784449fbce4d1b0297ee1844a3a52627ce01d71234bc549fd2249f3e975ab4bbd79daf41bf7d21d3579ab49e01c1ae63d1e4ac3b60e290fa67ea31b345d36e10dc107ebd5679469deb8dd5a23044cf3b8fea786babd96fe07f10a0957d6c4bbe07207415b2260a7874eed3a45ffb28c5625570ddc4b223fa331832abef132bb93316903aa7c2309cb67a04832e4f796af74b4750872ddad8a7e317858d29fda04a5f05cddc946cd11e7b494b6071aa8aa25b7f8c099965f0cb134253b860992fadec9b78b441e46bd3c889a3178bcfe3eb90a0e5bc6d1ba122462bfe56d27759d59a155c00aec6b0788229317b950d6cb9cc505f312a87ffeb11673d9d1fc85dec420258929d1596bd81d25cbe953aecb509f451bad23a584119a9115312d68d39d9afd0285ddfa31f6fb755a49a0ecca171399cb807ef25de159410c78b659843c1eb20716352bdb2af106a5cf11e0de96fe4a0f0e79418f325a7ce4107ddd6f7717e819df1c0c5b0d82aa22a68a766ca82f6b68e9733c8aa157053ae9bbc771ab826ddd93eb971639ae04cac5771815fed1a1970a92cf3cb00fd159320ade994522c8d8aa87d3122a007175e5f730bd227746eebbca64757733df0cc6cd44ca9d583876f56179eab10887fbf6f408ab4fef9d34ef3636117d1710d90adb4ab9740f702f84a686bcc8908548c5637e54cf2a3a6835cc1397e7422de9ddc438587cf21f997dfee2630f513de78f2d60b057233fc7e0079217b7be2b351db4829b73182b640e8bda2a64071dcf07d3a3c475149ede80d204d43bd3f3e1409fead3e637f6af655e224b50eb2aa33e4c103922ce6533252222f5e29f496f2a7c597cea5d1a4a6c6da715e3718d4ead0c03409f18648b32aefbf0ba0dfc6b2f53ab6fd0e83710f14929bcd2345bc24483ce8c84b6137edc1fb1ce77f67e9a9cb6e326c20c4ba18c177f8ac30cc6fb52b6962f1d22d7423c6a8f7b9df1ebd15e7046aaab9417e3e5f72ddcc5b8756da727051716b35ffaabb1970fae3e07f98e6afd83117c6c1433f326ebec3a915fb724115827edf5a662e7cb3fd4ccd4733a2f1d74643c654aaf1f3240cbbf819e06ab06bfd1356bb21ed7f075141c1c9331e63c56231c9c6956ad6c6e99383fb9c93de1df1f37d579c2e3b08a336cd9adb9f3a88e866a7bca3c634fa368403a2339733b3f1e52d0c11fa53f53876c21ae9df2bdfad8a52af8aa231ca8d1cfbf34ceded7b2692b4e4275c2a78dbdf8263035d95d0f9d357229ee877be61ea76b7e477352f24cdef22b38a7ecde17c79d5d7d5f11433852718e1dddd49fdd5a4967d35e4a9ccef9906e3fb061847d7ba14cf551945bb52484f396e8ca7a4d4e46adbd0d6de3c8ae96fc45ac72879a8ae3f84e0c5ddf3153796d32d7ebfa1caf76f7ca6c3f8bc31d0a858ff42bf293ef5f8056df8116acec346c43cdcec7bda92d0c195224fa24994babb395b629db7910d33f7c64752457f95c9da1fe251ab774f9e67c071560741a52cc11413dd327ea0c32d00695bfe2ce6f2c216a30cc3e7acb864c9fb0124d23bc44d0501d529a1474654c6f52a4014eb03963529a5100dbef7f90ca8e8a956b9cb072cfcf627ab22e5f729a0a4eaf2a524feefdce2e6ef073d5e50539108b511e5eae76d392b1227697eb3c85d6bea0fb0dee3157a122b3e9c5f769259bcdb5114944a7bd9ffe7d332ca61ba513ebf61e5b9267352a05f52d83bb3f30e7477ac50728947cbb3d88fbe934eb74895d50a73f8a4ca0b5d45337562ddf885812a7a397973b21ba657fbf16a29d9a72730a20f9c9fbd120eee8fef0a9277bfed947997b551a2fddaa0e31e2337a6cb8c4469f43df89d18275fe49babb6ea7f1ac5fc63a42792c1d7ececbfa73fac92a700ceb1fae50893542c0e554ee195943879052637d8af61d2e2bd90d12e5c7a4e6515a0569d17ba8a9d9be777abc79b8d23a8736a5111b32d67d36193cc7127f1d61be6537bcdbd681fbaa619bf1426afaf925bfb2a8925ea163bedf9ae56ae79b7689cab7f8b705d6e3c02a13dc06bba49c0f633bc6699d4d0d51bd4347a6e7cc83c9eecbdb196d9728db39262efc2a0ed1788e811ecbb836b15844c8a9a4e87dab9229864976be0f142f7ec42a70fb99bbd3667789187797e98cc90c16535c43a75abde7d4474720a2fa86f77befcf5b318a1cd446b16233824aac9be4d7933db7ded1bbd11aa798d2def5b97f22c1795329e153bc4219c6a1beab4abb8ed670da3d57b340aa1a701625f0c83bc3c8fbacf6a59f4f84fcc6fcf1c5861b5ac466cf19b5725ead27aed6b36f90dabd53ea7867dd40b77c06faf6c08c6dc1d45950a2157ba5ee6305f3b60bdb871ff1676dfaec92972308ee784d81011fe39a84fa7746c499346d55d72f377854dea532efbfd56b3f7ca79eef7ebf2039634f751c493d641a3ee51a0bad3fecb78fc8fe3206c0db3540f7e957eda2bf9e0acdd17b20412466f44ff4a5fc6cec7f6b118753361e9c4ee25db917883bd86790341a8562cc79190dbfc716c120e038953e5a84eb3066ec278672f8e3b14a0a684a2aa543e246f148ee375a19ba1068ada3e77da735266e831aa57bea7997b19eb9dc8549209aaf50265e57bea782dce74f27af6cdefd562582f5ec708b2a80bf8107baa3c3b444cb258c3dbbf664fc85b428e1de2f837a9f430521abccab8629536a26c6b0c24855c348d8f1e99dcbabade7fa762ba9b6d39d0acc0ca2132484e38a85c45d25b94e35b6dd47e7f996deaf526770df58330dd12e2ff18498b42eabb4b7e177b3bf0a054911043a28bf96c931d3c180e247ef0c0c552e7cb44e639ff13662371869bdab24181fd01818bf4103f6016c03fc961a754319d0d2edfafb2d7923e6e305d6b6ed80a8e923df71426f7d686513f35e361675a17d19fef0a8f68b624f2d99b0bd807d1852b63253db18f59671ebe6c816d1635bb616078d7a88a4827096f4662eb0adef822dd89c32aa363566f64bd7f96a14b9f36336e21233a44642b4fb3b1b5df5a1d6eaf0188285700ce8205b2b07fe3ed94f5d9e506b5316413b924f023db970297458b62dd87a0a9132e32ecbb52b15955687d7e135bf8d5954e41705fedb49cc1645ca74a6d0ad88f0b6e15030e3a044dfa4c3ed18447768de062db06087d0eb40ed2cd9b79f745c726434782373a35a9c716e70eed6dbe42ef74346e2af4cdaa0da0bf25c6aa06941d0afd9cdac6422ffce61b6880ca318f59a3ad32f648d877c3cf2ee511e0f1d9c3f3870e0b40e7dd98c318589039598cd00ab0cb75e7d99414a692b0ebebf14289e7e1a5eb0b3e3e69275b131c07570ebf999c991d7bb7d0e7626a67857d369dec778d3c0d17e2bf4aea817d3f8c805f141b508e2209a7be7a98db92699f4f3a477015489ff10acdc6d9bc9c4fd81d2919f9537c83199f19bce5d66f03b21b3dd6293aea2465d9cc5c3212d614f09b96d34ddd15bb872af4357fb70da90562691e70aee1563aaaf30e4c517ae13025f2a35128cc1218f4c34f4f064ac7c7a4fa8231192d4f1be50f7e565181d47f83b301e9121b7040bfa7924d22041b59a2ebcd7c4a48256902f781de35da67d295a150780faf2dc0adfe27b77e7b32197b83e77d65164433fbaaef4fe2e3475a2d7763d1e41937961ee0cfe44ecf51180afceb38fb2e75f956e933e4bdbb5b079d9f55e55aeb311c7db3799a792f5b98defc74965d12c9af80a998a750e67daccdd2434c7a7d95ed53a78046c16a03caf8cbc6724b841caf21aa31ee890faf4045d52529001c2b1df007162aca49319cb3ba5a1f86ccf910490b6ae3e9830be41c7ebef84d44cb8659a2c3253ed3c4faa8177f6a27742a2b7da556d397fc8a53aac0f1064db05beaab6796a56f1b8a6adc1f1b859f450acd9746f17143214ae428e0870ab0a9bb0dec99fbd452acb99dd11a0397bc7a3f4eeaabfb6d05c01b280e312e8aab7137d2fd780c86182a704a5c3da8904ea4a5d04810eacee7ff1c5da6a595a604f4de4046f847018ced3bd3b782182422f97a8172af635288d9610844f218d407764bdffa1277cdee9624324511eb5e5cdc477c9c25fcab8c36ae3cbe22cfa34a2f4b7fa437bda6be6ae2fddf4b2260936aca46e47d3e4d502670d5383464ba8078c7c380ab88a2497fa9b52280cb49c56338d847871f0fa4b3e5e8a301c8dc4f83671224ed3a04e956c0c347d7e3e7bb75ceafbdc075fd5a0a3c4906d75649b6c5f21e8c82bbdef81407528f2f380fdce9b8b01af65dd5f5dd8fb957b5c482c7e5f1be572b5714ed2fcd232ed9f0a3eee762e2c2a6aa289b0b7cd0e3a23ff0a65c31eca082cb3450f02d6398e2fbf7d80c6ce3cbcd887682d389c293f2e4f81319d4458878eebbd34df6da2dbf8f06ea72db7b0672ad57464ece1af60e9ae90f200af5c0c44824e4123fd23271296ddb3c5e13d9f6928eee99f997f87132962b38a3490456955fe79b7a0f591dec96e026d31ea61e70585418fedc10f31d7a2d8dac62d85f85741d3cc9a2de7ee2fdbbbdb0a5654bbfa903a3c37095083ec5a121accb2e67676924c578e4b30c5a32fd339131dc9cb22f2b2f36922667d0c81effc28cff55cc56f84902c3efb87f5ffa47e5d9fe67672f8548a93d8883eac0d62f4f6df0e157e26fe7ab9ae8530d23f57e87928400a5ab0e4c8949ca34b314e276beacdd6c9a88f3809c11acff655bb8ba1377a61d08ae0148e66d05d20a9529d4d1495f2184bafeedc1e6ba5c94707fb5f3fcdd18d0920c41712d126eacb39f91d9156db413659565a2d170b9c5b76fcd38353e121cf3a10c4dc5def1ef9fd6aef78b39428b52b37fd6bc56e5282762b2d1918383b4cab9262fee98362c16e65c52da264974fb737e5c97987c7b6d749a41b73fdcd07bc0d7cdd89d14ded5f936c01072337ca8cdf5dacb5ed7e360b3d2f3357f43efb153b4b500374eff2cb1e660cf3e119ca424960e575e8dc4fdfc7685b5d827f43f73231c30aafc330b573873a5dd3eb46fc6744247523beed17d35f0e3f24cbcf2647b85f5a264974ba4c8b23f64f8c7c7f3466d91ee20e89d77a74a37c987997c42095b894d45adf7d83614098b84ed9687baeff6ace5caae8f39874fd39727fd0d76fc1d979c90c2597e45f5d08aeb1285fac34c989c63e0bb9deda8f7e77382e4bd3d0cb68c5a92ba9b9c492a2991e1ed565739c79ca9f55924a566731feb20f7b64ea8d2272e5280700412ef6704e474d37da038db81a3b2ee1ebd2feca28315937759a6285e98c912efdafd01763d971a21ddf2e15bcd99b9aa2f5b9bed59bd2e762b11ed8b48861c235506e48f0c369d90484cf3cbf91b97635d56e1db242b4b6f109247c6edc38c60348eb44b1ae90530ebe4d7d3e5919ab81198ece9742e91688420427f6b83e1bf640f1885b7e8f4484ba8be066b456c82c349cdfd6dc4c9b635fd3664cf1d2592b29a495187ee7d6b68f6fad74677751d0a24d8586e903fd49bda6d347ab19b050aa2183854f9b719a55c287ca1104154cadced93a177e05494b77b777454a0bbf18d41d1188d10cbdfb5886ee92d3494e9e5230ae48eaaa3b0318ec51719a42ce9c0adffaea80f62f84d5354098d383844ba7b42a0d8aa97d6e05569d25ab6ad2a8c5dcc431a7fa36797294527084b45d9731a7ae0bbe6c9902e45d4496a1af02a909490b77e2b5b1e04ab1bee873f32812950a925ac5e2ba8c8ad12cc85071ca03e18d4d89b59a3db7e77b3bf8191e593cae6471ea5ae61273d0e623295a3e3d8f3652c89b28f057347fbd3f71f2066da1a9e255f1180723c98c47f50bd792350ecda7768d91359d671e1d51e5217e0c26a4fce82ea9cb6e1c745978f308a60ff76c07f6c40bdac36bbf8229b78abed331b411636a58cd14742ba30ff80ca6dec712c917a10572145d65dfe42c75285fbae815b9be9fc1902dc8fc10c5fa05670e62e320d737871514e3b0d5b77c8222c454b77fe7fb83f18b7efad063e7729423be54d5001ede0660b4e802c7e67af16b9d0ef74db4e775a941636af65da4e57e016d9c73aa9845025dbdf11df7d26d056e58fe826e491ce527593f1d84876b37c91d37fcaefbb1bbd10e68de4fc581854b0f548c139c1c01cd5603aab8a7a637899ab55f9a025d7e2a62aa3be33465041d96224f35ad8833735d6a48de16d97ea08939c37e27189218d68aaadd5bfb79f4158fd389b01b702cdda82fd2e909b7028fdb108f19a509bdb8f839b0188f9eb577fe4be96081173d653c1aa5076d3f3cfc7bb60cb015867936088521f9ce8cdb5ef91925b106ed5cfdcef427248736ea4ec95277dc20a95213eba53851eefb5cc51883458edce781aa2c04b280b897c2a8e75f13f7504334d011efa7dff56f2444aef37faa932c2aaf18f4a53197ac9fbe739add656394aebddd6de0c36fc53818225ead2eaa26b97859d328e6cb761a58522fe392e688e5786f2f9ffd583caf7a6f823d12dab9751ea452d6eb38cb22ff6847bac228c8039c1eedefeedf6676b29cf48eabfb56006ff1c434f42ec92d8334f7100de3827cef737fb574f889c2114f7b2df1b61b38a1632a1440d414a84fb06f52d9dd2922dcdacecb7d71142be38bd9bbe9b7b5385c4b3c9b5c8f4636f633088bc52e1878cdd626ffc6bacfaaae3d3f029176cd31d20ec8cde73af93c33eb3695ef31fca1738ba33dbf4bd7dfa671282e4d57edbcd2e055dee0fb1c4b99cfe4ca6969b1c2e8d47c3b12fbaaa645a87e93ad811d9de2e346e5f0a12ee966fa2e9fd6f698080f44210a3151ddca4d5a2d1ee9a61397e8a2ce2d4daff9a5cb592e394b583adb59c562dae1a60263126223892c1618796e7d8b8d18deabe79c7f9dbd7d4df3750eba6354a87c0666d1356d43e36587c71d8a2f7446592ef54c67f267ffb51534e98bfbf2e64a921d6ab98375933c8cab452df7de3571d1776ad607521cefb334f0c1f32605dac740e919d3298aa6b141dcf5f8554089657671f561975226a73ab51f9cc8756e674934dc2f472e8226d37c7783351163ae34192422d1b22f145ee81e8b217d558e9f1ad1aa24931743f63eed6d98d6555ecc8ba42617a4a2b54fc7130303664d4665fd1e9ecc943ad894212ec174c5ef4ffb7dc2cbe742d6afcdd1799a7e5a58ef852fae33fae2059f4f9772f8ee30c0d16ec6a0ea7c4367b44c0a97cb3b2a4d832afc445592bd9a172862f8468c1104ad223f4e1ef6f8f546a18b570abeadb0a77f7063c57b27f1912c1d932ac6b63bf3e913677c54f89bd097df53540df0095b04586251d90b5ebef681473c73b62de08b839035645c73eb89ad5b0521c5ab46deae956a45e14d920e953a0641a60aeaceaffa17e5f5c547020b8bd2fbf15da8bf8e2c1ef777f823dc0c77ff34f8e567bef68a1281e38654eb817dbecea354b7336a41ca39d9de1712f4d983c3b4d0ed6ba19866a8dfa350a5e3ab399473576ce7d763a31ccf52690b0e4d9e5349375f62a9fc14c1bfe296421efe5495822b5b0cbcde1521f944f4f0c266d494d8810971dcad92e6fbbaaceeddd515a606484ebcd22f19e5d9f123d74c0f8a6898582eea1b2adb03e513c1e3283c1d84544b44754dffb3d1dddb149a19973b995eb82f6bbadab577b55e59f25b9563d1a3f7459ed9223f898672de0bb97856aba853118eb8d5e0d249a73a57fa3eaf23fca979ff7c9d47e02dc55c6b2f53a8a00a9549ce478431d7603455e4f9094cb8ab4fcfa2bd722c867db2e457d42b9ab8f3d19afd46aea299aae9529abd17a2730adb23073bfc357a1ab9c8bea2c2151b5d61949a31513620441c083ad7470e0c43366578a1c99d089f1199a5d1dcea65e76e3a7596f7931c3bded6b8ed86905bbc0c0dec3729f5c15de1ab12347b52c3178eb258f668460c92f664653c78ab96737aa5003ff943e3c3d436d0b37351f1689ff734bb27d4f0606523be4654b1c2bcbb4e4e9e3d6d4de5a94cf80bebad063fe3d68432a64f58827aa6fbba84dc55c5c37c4f3fc123034ddc8b4114f74b84cca8d513ca0b70e8cf4ad903c5d037c4ba46f342e4144d5d604426b9d87089a08f3d9e29579963cfab84ac5ef984ea3c87eacb0a2410c64b96ebe40a713b9a54979e0b82a58c8bfb98d3965e1c44048cf25548370a79bd2c13f3bb8b0e45b2512d757764fa30af0f3f6ba7535ca2bfa1b71c5bd01550648758dc3a3dbdd43bd1c285c57bf2945b850124fcee95c62bcb7965c1b8dbc172285da04b71409ec06f41ce2a848ff4aa4033f0731b7f3b0ae64858b5ebcc27f12e81ae8aa9220fedcf76396e53c9cbc14cbe0556876c5a7d2b1ebec61c1d9b5f7a7d5fac99f51daa49f88559a535befe80a2e93358352c7fc3e56f01cf51d7d4feedd266fba7bd53c10b9a32e74c140402ea0702c4e327506f731d7c49ec271375b9bc32634f206a1f227966081071ebc1b1b3306eb2979f92590573d7ed1d2814d97bd1019aaa4edd8a21ff185510cb4125405885dac15078fca04a96c4d426ad93c91da6334901df7e159d46c87a0fe74e5645cf7334661bc478751d86e48a792058765e368d6730b80e264374e9cea7f7a931e59d7daff1a2563e35ad9068eb199e7356e5e7c049aa896ab2db533a5ef8bb6433c7b8a6aa3842e6afd81255d596c21817620a9a327c15be3a895fb7ba80764abf92c96c8e98b379a53664f11585dc455adedea64ee82a47b374edf3716a469c4c53a46ce4e300ded7e92894f2be900af5c76b29fda6459fe5dc22cafc6b0761ab38b58bdcc74667429981b1e9e1a3ccd4a39f1e3bd0704575fc269a59401522c9df356c3f6a1fd0ee56ce55edb5e190ab11b0a1812dccfa85556f3b00b4e41359ff2ea67df8b60fbc55274d12d4fc03a708fe45c5ca5cd0a45f5775fe6c87f8b6e7112b6e35a56c22f0eeb56433ce8df68c35e9680a12a079ada02742e6a80987fd89141fe3e71cea04383ab0406912e5c711d7deff01c06efa720a656e6473747265616d0a656e646f626a0a3132372030206f626a203c3c0a2f417574686f7228292f5469746c65284573745c33343167696f292f5375626a65637428292f43726561746f72284c615465582077697468204265616d657220636c6173732076657273696f6e20332e3130292f50726f6475636572287064665465582d312e34302e3133292f4b6579776f72647328290a2f4372656174696f6e446174652028443a32303135303330393037323930372d303427303027290a2f4d6f64446174652028443a32303135303330393037323930372d303427303027290a2f54726170706564202f46616c73650a2f505445582e46756c6c62616e6e6572202854686973206973207064665465582c2056657273696f6e20332e313431353932362d322e342d312e34302e31332028546558204c69766520323031322f44656269616e29206b706174687365612076657273696f6e20362e312e30290a3e3e20656e646f626a0a392030206f626a203c3c0a2f54797065202f4f626a53746d0a2f4e2039370a2f4669727374203830360a2f4c656e67746820323939352020202020200a2f46696c746572202f466c6174654465636f64650a3e3e0a73747265616d0a78dae55bdb72db38127dd757e031aaad10f75b552a55491c676637b78993dd6c5c7e6064dad68e2c7a243a9bd9afdfd3002551941dcbb15de34a5c26d8041a8dc6e9830b293230c1a4605a311598f492a9c88c46866021782691a9a5674a3269ac61cae21c71ed98b41a171167af07247a946b5c87a899114c692319fe15ca99c6bfb292690f11767560dac0984615e3a08fb343621454821e180753306ea01aad874b3847cbac8049ef9809c892b856a80abb964c04e8e3df2acf2c54bc080c2e9960fcc0423f06cd6c840974c692295c38051370d60998f0b83628825d87720ba38e54a3640ea6bc57cc39989072e0a90a9c03604e04e87ba82acd3c442d0c4397d11d5c23dfc2ae0fa80a1cbdc1198d0732a91da326a3b703b8e6a5942ca02a006641e00c9cf0ef351a4713de0a5cc39483dd8872072301263c7002e43e0ac1e06a103a0e22350167a2634149e82b9c8153846983602384c1a23f52a002012505343c608f68ccc30d296022020729505d8a30d0a8ae0c957808f058a2a3512b5861d1424bd10981c5495229dc02984c4aa2988477d443d426b29082d4420ea4a42b078024f0911275411d2695425fc8b63220a142b3ca1acb105ba91c6024e7153080411c2a209292d8aa2255225eaa18605e0962309512873591529286b6e410b504e2a56620794d2dc3211d922d4712e07cf488f13dc65fd4ef6bc677d83e7a24d83bc677c7cd017bfc18e503fefecfb38af1b7e57135e0cfea69534d9b39534971c0df55f3fa7c36aae6346252ceabea705c3eadbfb27d52d14e154153f75481660f06b0372ba773d6b6fc8e5a81f119ac1206c9c493e9b4461bfb344ac99d8341ebcade4979389e1ee7ca27ed29652527358383937ab677568ee0f24ef5653caadebd780ab13e2dc75372491e90523d3b847d5308fc59b6388b42b07e5e7b46adddf3e9a819d75396da5d5ca586d5460b02524116d3413912e8825054fa1ae7c78f19e3cfbf02cd43b6dfccce2b76544ee615a19e2199d5a3bdaa0108fcedceee6d42804e86d4a9d881a2cd5994b08e56ffdc856203097d59430b2d0aeb37f15b77ef421cd7731668ded46a3f3a109fd6e75342a7c382e7d3517d58a5383396820ddd3b08a4face408a143af157056b01e2dd85e962abdf13ac14a72da39527c134312174e79f9b74fd723cfd7d80866787d52c4d77e280ffc25ff367fb7030fd1fd01439823de94561a422b7b1bcc9a80a9afe7d81cd08749eb0de4cfce075f9657c5c1248520fc9b5d691ce24fdf1df9fb04814114353395d28ccfed3f3c9e4e012556d651131f38befd05a23a3ceda6fcba6a96653c42f5d02d5177b4dd954c09a32067c178b450e37d606d5aaed4a47cb602ba7059064c2fee39bcfff21ac5295532c56ae553bc572e517329633bbacd20b177f5f7d6dfa41ebad5cdaf5572e6d6e7fe5d2fa5a2bd776a3dd16c64773d1685f956c3dda37ab6c33da3b2ea4d14984a6c32f47673767db317fb55511f1c756676d70be64fcabc26bec3d6f75fcdf3c7e6b3b8f45dc56ae5e7777b13ed15e04fa5df473bbed852a2c36ff9deecac2798dcd942e7093e0d84a67fd741dfa6ed4d886bd2bc712cd02b69739c17e7e8925668374787f9d65ab677add48362c292325267ebfe59e95ed86c735dbb8ccdc55db24f417c194858d06f75f9837a30c170cc3c5f1dd7ba7bf7235ee2dc6da6eb3c25ead759b2bec7255edaeb69b2b2cdd1c2e5655ba5d5cc89e9e9adc608535b6bfc21a7dfb2bac51eb2bec3de28431db70e26aadbf60d775579cb072831377f0bcc0847bcb09bbd54edc8a9f689eb0becf096b6f9f13d6dc5f4eb8ad38e17e224e38dde78493b7cf0927ee2d279cda8613576bfd489c881b9cf037e684577d4eb8fbcb89b01527c24fc409bff114c79bdbe784d7f796137eabfb0eff33dd7704d5e7441077c089786f3911e4369cb85aeb47e244d8e084bb7d4e047b7f39e1b7e284ff8938114d9f1351dd3e27a2bcb79c887a1b4e5cadf5037182dee2e89322dc0129fcfd2545dc8a14f1a722c5c62e935e0dba292be8c59ede7b2ee2fe6e34e97da9ad7e43fe21b79aab84317e767c74363bfeccf6976eaf7e014baf4bed5b2b58f7f05a179a99108ac8acb305bdcd660a830d832d5cd288c617f4ba9a8bcb6c9552ed5ce1a1120a7a4d2dcbf4be998a8564410b5211a46814c2daa6a4928de4b26c24cb7ddfbe75b4b53b365a8f25b999d3dcb7b5546014b43d744616f4eea084b76d69cad7c9f3d682d3844ba09ce8fdb26e9b76ac6579cd5aaa9b650c9fb0bcc8a9c340544c1b5dc816c385bcde39ab2c024366174122d9a686b4766d8d9c9be3a242ca4dddc83921472ad75c6ae754273f8c22308c30853a0049b2dd940649ddc8a94abd50d91ad6a3fee1528931048849a07945d67d828e34426a33fa556eb6a973d84823a1b3927cc246255d9d10c82969b4167259d256cb96b63d54d7460e7a924dc625a5b95f6b698e67ea9d8d34406c1a1fb9d48b95cfad8544129b281770cf9b357c42b8b5956563d320a1a8b984a00b1e1367b61b13b26b7e241ea825221da9d3af1c0b2b57d1e9ca2dcf088f94db8d72e65ccec944cf3a2bed9cead4331d2806ba6568aa9f6497f2b3dca6dab456b0af590603d43321d28cb1913a43af225b0a890b096202ddc3d8422318411391a1d927e72b4d391a10e9858e741dc9a386a715118e8b442f91c0a2f2d6029529876e9374996fdba76425d94c3eb5de6365366dea6c9a45d057877ed04bd2141a8f6189219140b436d124eb61a0eb1428f86623d1c41ba2a2a270059372924e26aa43ea17b2a6f731ac213a11455a3aa1657af93b7b8000c5407d0f0bfc3a52db931c0d8bd94fb7f1e9ca2ac662815bcecf315196486dbc25f2a61cef531f73dd8e7e4eb5a6fe6a4feb93b67a596ab036c583ce868416e39d6a3e9a8dcf9a7a9617e7d7e5294a7efd65f7d3ceabbf3d7bb5b727050a26e5f19c99acf1346d931e3ac91e2a5af1b087f436d236643ea2fd10462f365de5d92fd5f8f8a4bda456a8eca1a4ab5f9b72321e3d991e4f2a06eb7b4d75fa4fe60356fbb60e861a4c9c94335ac71ff027fc19dfe1cff94b6c8edef0b77c8fbfe7252f47e74dc53ff3111f61f33699947c349e8dce4f8f26d5573eaa4f4f4b7ec80feb6652cde7635ef1237e34c6ff978a1ff3137ef2e7d94935e563fe3b9ff0533ee5d3f1b4e235af919ef133dada4daaa3264b33f28a9f55b3717dc8ffe0333ee7f349393fe10d6fc693c38a37ffadf939ffc2bff2ff55b37a9881da1da37f32ef58d677829703bff3e9b7177f7f9281579700af08785a1702cdf73707de7d13f8e77c97bf02ecef12ec1fd6803fe409cc059419c81af87511022eeb8098eb00f2e6e9ebdf3efc9a0079faf1322efa968b52101983b83126527741b1e13250f63a80ac7848b0a4aa996e47b8d9e8c274bac6b58b9896e0abbe407b3efebaa2dac9acca54db2499bb18d3cedd06654adc6e94f32a6dc237c6f85a08d2970fe9ae66773c9b37d47b46847c592e2f80d0bfc687cdc93c7d3971ede6fb4cef376f379a8fdde665e8342fafdffc26affa0ef82b1ce8f45fc44d07e8e6734e779fe744c3d5dda26cef16ff314eafd2e59f2edb178ada7748dad706da5f8af38f8307df63bdfd0da9fdd9a07d52dc3e1c6c9f07e52700dfb22e2ff7dd5e59572f94f38fb6ed2394c53df3b22a8d75283dd8a9470f71c3386b86f4291769aedfca2abb912986f4b5513f17ba7153570dd39744fd6c3dc41e23fb839bf2d371d373655d77c3e95529ec6bdf370febc6f533cd90be09eb655a64867ea61bd2d75ebd4c3fc43ea7eff19a1f6bcadf70390ce9e3af9ef9084c333d1e9c219c0521efbad7003d8a6e06e1bda691a05697bb8876979a1beee5023d4cdf70ad8c12bca1734dc876cb09d4aedb8467ec5c1394b6efd2b2ad85cec5de10e2b2638b70ebfa4290990b6dfbe1526569ba1d40f9232b26f3e757e9d3af7c6e47497e1072192bfb46317bd1532e75c1fafaacc42a571f0ff2e85c0de4dc45a9dac9964a5fd5d8cf7c98576fce9b0996a979ca7c597eae26f3478ff8ebf3d3f9be80f0f6811c3e7e2c93a420a92469483a4906924992856493e420b92479483e49015248528414b36541a6db565233b91d490dc9dc92a4a60ee879cf9bb36afa24bf651c163dff3fd19559620a656e6473747265616d0a656e646f626a0a3132382030206f626a203c3c0a2f54797065202f585265660a2f496e646578205b30203132395d0a2f53697a65203132390a2f57205b31203220315d0a2f526f6f7420313236203020520a2f496e666f20313237203020520a2f4944205b3c31313739314541443445393636423345343131393330413635464138393739453e203c31313739314541443445393636423345343131393330413635464138393739453e5d0a2f4c656e67746820323930202020202020200a2f46696c746572202f466c6174654465636f64650a3e3e0a73747265616d0a78da15cac92e43711480f173e8a02d2d3596a24a6b5614350f35cff33ceebc81a5a5b53589a720b120d1c4c2c603d8dada49acafefdce497f3bfdf39222e274f7c8b58c2b288db11f1c08b80ed4473f7c25491a0a3be98a8ef47f81c759f8ae67f89baee6cef0647217b7bb08d2decc08b02ec220ff970614efd4f761f4409fcea49d87f08c508a01045284505c21ab8b69b3294a30a35a8d4e09ff508aa518b18a21afeb55e877ac491408356e4ac37a209cd684352230fd65bd08a3d742085768dbedaae135de8411fba35fe6dbd17690c6008fd9abcb19ec12046308e616dffb03e8a314c621a139a7ab43e852c66b180194da7adcf631f2b58c59a669eadafebe5bbcd0dbdbdb2b989031ce208c738c129ce708e0b7dcb8a7ebec83f69f231790a656e6473747265616d0a656e646f626a0a7374617274787265660a35323636380a2525454f460a, 'supervisor');
INSERT INTO `termo_de_compromisso` (`id`, `estagio_id`, `nome`, `tamanho`, `tipo`, `arquivo`, `status`) VALUES
(4, 7, 'Esquema de tabelas BD', 836, 'application/octet-stream', 0x24636f6e766572736173203d202855736572312c2055736572322c207b49447d2c20546f74616c4d656e736167656e73290d0a0d0a24656d7072657361203d20287b69647d2c206e6f6d652c20656d61696c2c2074656c65666f6e652c2061746976612c2061746976615f656d61696c2c207275612c206365702c206e756d65726f2c2062616972726f290d0a0d0a246573746167696f203d20287b69647d2c2069645f616c756e6f2c2069645f656d70726573612c2069645f73757065727669736f722c206d6f64616c69646164652c20617265612c20696e6963696f2c2066696d2c20737461747573290d0a0d0a246d656e7361676573203d20287b49445f436f6e76657273612c204d617263615f44655f54656d706f2c206e6f6d655f72656d6574656e74657d2c20436f6e746575646f290d0a0d0a24706c616e6f5f64655f61746976696461646573203d20287b69647d2c2069645f6573746167696f2c2069645f616c756e6f2c20686f726172696f2c2064657363726963616f2c206c6f63616c2c20646174612c2074696d652c206361726761482c20737461747573290d0a0d0a24706c616e6f5f64655f626f6f6c203d20287b69645f706c616e6f7d2c20736567756e6461312c20736567756e6461322c207465726361312c207465726361322c20717561727461312c20717561727461322c207175696e7461312c207175696e7461322c207365787461312c207365787461322c2073616261646f312c2073616261646f322c2064657363726963616f2c206c6f63616c2c20646174612c2070726f665f68696464656e2c20636172676148290d0a0d0a2472656c61746f72696f203d20287b69647d2c2069645f616c756e6f2c2069645f6573746167696f2c207469706f2c20696e6963696f2c2066696d2c20617469766964616465732c20636f6d5f616c756e6f2c206176616c696163616f2c206f62736572766163616f2c20646174612c2074696d652c207374617475732c206572726f73290d0a0d0a247573657273203d20287b69647d2c2061746976612c2061746976615f656d61696c2c207267612c2066756c6c5f6e616d652c20757365726e616d652c20656d61696c2c2070617373776f72642c205469706f2c2068617368290d0a, 'supervisor');

-- --------------------------------------------------------

--
-- Estrutura da tabela `users`
--

CREATE TABLE IF NOT EXISTS `users` (
  `user_id` int(11) unsigned NOT NULL AUTO_INCREMENT,
  `user` varchar(25) NOT NULL,
  `user_password` varchar(50) NOT NULL,
  `user_name` varchar(50) NOT NULL,
  `email` varchar(100) NOT NULL,
  `telefone` varchar(14) NOT NULL,
  `user_session_id` varchar(255) CHARACTER SET utf8 COLLATE utf8_bin DEFAULT NULL,
  `user_permissions` longtext CHARACTER SET utf8 COLLATE utf8_bin,
  `ativado` tinyint(1) NOT NULL DEFAULT '0',
  `email_confirmado` tinyint(1) NOT NULL DEFAULT '0',
  PRIMARY KEY (`user_id`),
  UNIQUE KEY `username` (`user`),
  UNIQUE KEY `email` (`email`)
) ENGINE=InnoDB  DEFAULT CHARSET=utf8 AUTO_INCREMENT=9 ;

--
-- Extraindo dados da tabela `users`
--

INSERT INTO `users` (`user_id`, `user`, `user_password`, `user_name`, `email`, `telefone`, `user_session_id`, `user_permissions`, `ativado`, `email_confirmado`) VALUES
(1, 'gabryelrigol', '$P$BeS0ChvaPFoJIkJaYlq/L7MBDc1zZG/', 'gabryel rigol da silva', 'gabryelrigol@gmail.com', '06791052707', 'dlbgrvf6mtueef2lhvv0bb10u1', 'a:1:{i:0;s:10:"presidente";}', 1, 1),
(5, 'victor', '$P$BeS0ChvaPFoJIkJaYlq/L7MBDc1zZG/', 'Victor Gaíva', 'victorgaiva2014@gmail.com', '06792712109', '20mbj9loerpj4f2mcredul1a57', 'a:1:{i:0;s:9:"estudante";}', 1, 1),
(6, 'lucas', '$P$BTKKmF18QpMJkhmM6AVBX/PwySRCvd.', 'lucas', 'marquesnavarezi@gmail.com', '06792712109', 'he6tp6i1651cjd2l27ff3j96j7', 'a:1:{i:0;s:9:"estudante";}', 1, 1),
(7, 'ricardinho', '$P$BeS0ChvaPFoJIkJaYlq/L7MBDc1zZG/', 'Ricardo Brandão', '@niguem_tem', '06792712109', 'he6tp6i1651cjd2l27ff3j96j7', 'a:1:{i:0;s:10:"supervisor";}', 1, 1),
(8, 'batata', '$P$BCKBfQXPoicrN9euULNmXqNT9V4JAk0', 'Batata da Silva', 'batata@no.domain', '06792712109', 'he6tp6i1651cjd2l27ff3j96j7', 'a:1:{i:0;s:10:"supervisor";}', 1, 1);

--
-- Constraints for dumped tables
--

--
-- Limitadores para a tabela `alunos`
--
ALTER TABLE `alunos`
  ADD CONSTRAINT `alunos_ibfk_1` FOREIGN KEY (`user_id`) REFERENCES `users` (`user_id`),
  ADD CONSTRAINT `alunos_ibfk_2` FOREIGN KEY (`curso_id`) REFERENCES `cursos` (`id`);

--
-- Limitadores para a tabela `declaracao_final`
--
ALTER TABLE `declaracao_final`
  ADD CONSTRAINT `declaracao_final_ibfk_1` FOREIGN KEY (`estagio_id`) REFERENCES `estagios` (`id`);

--
-- Limitadores para a tabela `estagios`
--
ALTER TABLE `estagios`
  ADD CONSTRAINT `estagios_ibfk_1` FOREIGN KEY (`aluno_id`) REFERENCES `users` (`user_id`),
  ADD CONSTRAINT `estagios_ibfk_2` FOREIGN KEY (`supervisor_id`) REFERENCES `users` (`user_id`),
  ADD CONSTRAINT `estagios_ibfk_3` FOREIGN KEY (`empresa_id`) REFERENCES `empresas` (`id`);

--
-- Limitadores para a tabela `hash_email`
--
ALTER TABLE `hash_email`
  ADD CONSTRAINT `hash_email_ibfk_1` FOREIGN KEY (`user_id`) REFERENCES `users` (`user_id`);

--
-- Limitadores para a tabela `plano_de_atividades`
--
ALTER TABLE `plano_de_atividades`
  ADD CONSTRAINT `plano_de_atividades_ibfk_1` FOREIGN KEY (`estagio_id`) REFERENCES `estagios` (`id`);

--
-- Limitadores para a tabela `presidentes`
--
ALTER TABLE `presidentes`
  ADD CONSTRAINT `presidentes_ibfk_1` FOREIGN KEY (`user_id`) REFERENCES `users` (`user_id`),
  ADD CONSTRAINT `presidentes_ibfk_2` FOREIGN KEY (`curso_id`) REFERENCES `cursos` (`id`);

--
-- Limitadores para a tabela `relatorio`
--
ALTER TABLE `relatorio`
  ADD CONSTRAINT `relatorio_ibfk_1` FOREIGN KEY (`estagio_id`) REFERENCES `estagios` (`id`);

--
-- Limitadores para a tabela `supervisores`
--
ALTER TABLE `supervisores`
  ADD CONSTRAINT `supervisores_ibfk_1` FOREIGN KEY (`user_id`) REFERENCES `users` (`user_id`);

--
-- Limitadores para a tabela `termo_de_compromisso`
--
ALTER TABLE `termo_de_compromisso`
  ADD CONSTRAINT `termo_de_compromisso_ibfk_1` FOREIGN KEY (`estagio_id`) REFERENCES `estagios` (`id`);

/*!40101 SET CHARACTER_SET_CLIENT=@OLD_CHARACTER_SET_CLIENT */;
/*!40101 SET CHARACTER_SET_RESULTS=@OLD_CHARACTER_SET_RESULTS */;
/*!40101 SET COLLATION_CONNECTION=@OLD_COLLATION_CONNECTION */;
